concept_id	omim_id	orpha_id
MONDO:0000902	OMIM:218000	ORPHA:1496
MONDO:0000914	OMIM:125310	ORPHA:136
MONDO:0002629	OMIM:259500	ORPHA:668
MONDO:0002697	OMIM:424500	ORPHA:206484
MONDO:0006292	OMIM:156240	ORPHA:50251
MONDO:0006486	OMIM:155720	ORPHA:39044
MONDO:0007032	OMIM:100100	ORPHA:2970
MONDO:0007037	OMIM:100800	ORPHA:15
MONDO:0007039	OMIM:101000	ORPHA:637
MONDO:0007041	OMIM:101200	ORPHA:87
MONDO:0007042	OMIM:101400	ORPHA:794
MONDO:0007043	OMIM:101600	ORPHA:710
MONDO:0007045	OMIM:101805	ORPHA:1786
MONDO:0007047	OMIM:101850	ORPHA:38
MONDO:0007048	OMIM:101900	ORPHA:79151
MONDO:0007055	OMIM:102370	ORPHA:969
MONDO:0007057	OMIM:102500	ORPHA:955
MONDO:0007058	OMIM:102510	ORPHA:957
MONDO:0007059	OMIM:102520	ORPHA:971
MONDO:0007062	OMIM:102650	ORPHA:973
MONDO:0007064	OMIM:102700	ORPHA:277
MONDO:0007068	OMIM:103050	ORPHA:46
MONDO:0007070	OMIM:103200	ORPHA:36397
MONDO:0007072	OMIM:103285	ORPHA:978
MONDO:0007073	OMIM:103300	ORPHA:989
MONDO:0007077	OMIM:103500	ORPHA:42665
MONDO:0007078	OMIM:103580	ORPHA:79443
MONDO:0007080	OMIM:103900	ORPHA:403
MONDO:0007083	OMIM:104100	ORPHA:1010
MONDO:0007097	OMIM:105120	ORPHA:85448
MONDO:0007098	OMIM:105150	ORPHA:100008
MONDO:0007099	OMIM:105200	ORPHA:85450
MONDO:0007109	OMIM:105600	ORPHA:98870
MONDO:0007113	OMIM:105830	ORPHA:72
MONDO:0007114	OMIM:105835	ORPHA:63442
MONDO:0007116	OMIM:106070	ORPHA:1062
MONDO:0007120	OMIM:106220	ORPHA:1069
MONDO:0007123	OMIM:106250	ORPHA:1072
MONDO:0007124	OMIM:106260	ORPHA:1071
MONDO:0007130	OMIM:106700	ORPHA:99125
MONDO:0007134	OMIM:106995	ORPHA:1487
MONDO:0007145	OMIM:107600	ORPHA:1114
MONDO:0007154	OMIM:108010	ORPHA:46724
MONDO:0007158	OMIM:108145	ORPHA:1154
MONDO:0007159	OMIM:108200	ORPHA:1144
MONDO:0007160	OMIM:108300	ORPHA:90653
MONDO:0007163	OMIM:108500	ORPHA:97
MONDO:0007164	OMIM:108600	ORPHA:251282
MONDO:0007165	OMIM:108650	ORPHA:1182
MONDO:0007167	OMIM:108720	ORPHA:1190
MONDO:0007168	OMIM:108721	ORPHA:56305
MONDO:0007173	OMIM:108900	ORPHA:1479
MONDO:0007177	OMIM:109000	ORPHA:114
MONDO:0007182	OMIM:109150	ORPHA:98757
MONDO:0007188	OMIM:109500	ORPHA:2285
MONDO:0007191	OMIM:109650	ORPHA:117
MONDO:0007198	OMIM:109900	ORPHA:1253
MONDO:0007200	OMIM:110050	ORPHA:1252
MONDO:0007201	OMIM:110100	ORPHA:126
MONDO:0007202	OMIM:110150	ORPHA:1259
MONDO:0007203	OMIM:112200	ORPHA:1059
MONDO:0007208	OMIM:112310	ORPHA:1263
MONDO:0007209	OMIM:112350	ORPHA:3344
MONDO:0007211	OMIM:112410	ORPHA:1276
MONDO:0007214	OMIM:112450	ORPHA:1278
MONDO:0007216	OMIM:112600	ORPHA:93396
MONDO:0007218	OMIM:112800	ORPHA:93394
MONDO:0007221	OMIM:113100	ORPHA:93384
MONDO:0007225	OMIM:113310	ORPHA:1118
MONDO:0007230	OMIM:113477	ORPHA:1292
MONDO:0007232	OMIM:113500	ORPHA:93304
MONDO:0007235	OMIM:113620	ORPHA:1297
MONDO:0007243	OMIM:113970	ORPHA:543
MONDO:0007244	OMIM:114000	ORPHA:1310
MONDO:0007248	OMIM:114140	ORPHA:79141
MONDO:0007249	OMIM:114150	ORPHA:1319
MONDO:0007251	OMIM:114290	ORPHA:140
MONDO:0007252	OMIM:114300	ORPHA:376
MONDO:0007269	OMIM:115200	ORPHA:300751
MONDO:0007271	OMIM:115250	ORPHA:53296
MONDO:0007276	OMIM:115470	ORPHA:195
MONDO:0007294	OMIM:117000	ORPHA:597
MONDO:0007295	OMIM:117100	ORPHA:1945
MONDO:0007296	OMIM:117210	ORPHA:217012
MONDO:0007298	OMIM:117360	ORPHA:208513
MONDO:0007301	OMIM:117650	ORPHA:1393
MONDO:0007307	OMIM:118200	ORPHA:101082
MONDO:0007309	OMIM:118220	ORPHA:101081
MONDO:0007311	OMIM:118300	ORPHA:90658
MONDO:0007315	OMIM:118400	ORPHA:184
MONDO:0007316	OMIM:118420	ORPHA:268882
MONDO:0007319	OMIM:118600	ORPHA:1416
MONDO:0007334	OMIM:119500	ORPHA:1300
MONDO:0007337	OMIM:119550	ORPHA:2016
MONDO:0007338	OMIM:119570	ORPHA:99772
MONDO:0007340	OMIM:119600	ORPHA:1452
MONDO:0007341	OMIM:119650	ORPHA:1453
MONDO:0007343	OMIM:119900	ORPHA:217059
MONDO:0007345	OMIM:120000	ORPHA:1457
MONDO:0007352	OMIM:120330	ORPHA:1475
MONDO:0007353	OMIM:120400	ORPHA:1471
MONDO:0007355	OMIM:120433	ORPHA:1473
MONDO:0007363	OMIM:121050	ORPHA:115
MONDO:0007368	OMIM:121270	ORPHA:1551
MONDO:0007369	OMIM:121300	ORPHA:79273
MONDO:0007377	OMIM:121900	ORPHA:98962
MONDO:0007380	OMIM:122200	ORPHA:98964
MONDO:0007381	OMIM:122400	ORPHA:293381
MONDO:0007382	OMIM:122430	ORPHA:1051
MONDO:0007392	OMIM:122780	ORPHA:1508
MONDO:0007395	OMIM:122880	ORPHA:1529
MONDO:0007400	OMIM:123150	ORPHA:1540
MONDO:0007401	OMIM:123155	ORPHA:1538
MONDO:0007403	OMIM:123400	ORPHA:282166
MONDO:0007404	OMIM:123450	ORPHA:281
MONDO:0007405	OMIM:123500	ORPHA:207
MONDO:0007407	OMIM:123550	ORPHA:91138
MONDO:0007412	OMIM:123790	ORPHA:1555
MONDO:0007417	OMIM:124200	ORPHA:218
MONDO:0007420	OMIM:124480	ORPHA:79499
MONDO:0007422	OMIM:124500	ORPHA:494
MONDO:0007435	OMIM:125370	ORPHA:101
MONDO:0007443	OMIM:125520	ORPHA:1166
MONDO:0007449	OMIM:125640	ORPHA:1660
MONDO:0007450	OMIM:125700	ORPHA:30925
MONDO:0007471	OMIM:126600	ORPHA:75376
MONDO:0007478	OMIM:127000	ORPHA:93325
MONDO:0007481	OMIM:127300	ORPHA:240
MONDO:0007483	OMIM:127400	ORPHA:41
MONDO:0007489	OMIM:127800	ORPHA:1822
MONDO:0007492	OMIM:128100	ORPHA:256
MONDO:0007493	OMIM:128101	ORPHA:98805
MONDO:0007496	OMIM:128235	ORPHA:71517
MONDO:0007507	OMIM:129200	ORPHA:1658
MONDO:0007510	OMIM:129500	ORPHA:189
MONDO:0007519	OMIM:129850	ORPHA:1895
MONDO:0007523	OMIM:130020	ORPHA:285
MONDO:0007529	OMIM:130100	ORPHA:79148
MONDO:0007534	OMIM:130650	ORPHA:116
MONDO:0007536	OMIM:130710	ORPHA:1928
MONDO:0007537	OMIM:130720	ORPHA:2789
MONDO:0007540	OMIM:131100	ORPHA:652
MONDO:0007542	OMIM:131300	ORPHA:1328
MONDO:0007548	OMIM:131705	ORPHA:79411
MONDO:0007549	OMIM:131750	ORPHA:231568
MONDO:0007550	OMIM:131760	ORPHA:79396
MONDO:0007551	OMIM:131800	ORPHA:79400
MONDO:0007552	OMIM:131850	ORPHA:79410
MONDO:0007554	OMIM:131900	ORPHA:79399
MONDO:0007555	OMIM:131950	ORPHA:79401
MONDO:0007556	OMIM:131960	ORPHA:79397
MONDO:0007558	OMIM:132090	ORPHA:25968
MONDO:0007561	OMIM:132400	ORPHA:93308
MONDO:0007564	OMIM:132600	ORPHA:91414
MONDO:0007565	OMIM:132700	ORPHA:211
MONDO:0007571	OMIM:133020	ORPHA:90026
MONDO:0007572	OMIM:133100	ORPHA:90042
MONDO:0007574	OMIM:133190	ORPHA:1955
MONDO:0007584	OMIM:133690	ORPHA:1962
MONDO:0007587	OMIM:133705	ORPHA:3023
MONDO:0007590	OMIM:133900	ORPHA:141145
MONDO:0007603	OMIM:134750	ORPHA:47612
MONDO:0007604	OMIM:134780	ORPHA:1988
MONDO:0007606	OMIM:135100	ORPHA:337
MONDO:0007608	OMIM:135290	ORPHA:873
MONDO:0007610	OMIM:135400	ORPHA:2026
MONDO:0007612	OMIM:135550	ORPHA:2027
MONDO:0007615	OMIM:135750	ORPHA:2378
MONDO:0007618	OMIM:135950	ORPHA:1937
MONDO:0007620	OMIM:136120	ORPHA:79292
MONDO:0007621	OMIM:136140	ORPHA:2044
MONDO:0007624	OMIM:136300	ORPHA:2047
MONDO:0007627	OMIM:136500	ORPHA:79133
MONDO:0007635	OMIM:136680	ORPHA:347
MONDO:0007636	OMIM:136760	ORPHA:391474
MONDO:0007640	OMIM:136900	ORPHA:59181
MONDO:0007646	OMIM:137200	ORPHA:324442
MONDO:0007650	OMIM:137245	ORPHA:52417
MONDO:0007651	OMIM:137270	ORPHA:2069
MONDO:0007652	OMIM:137280	ORPHA:2494
MONDO:0007656	OMIM:137440	ORPHA:356
MONDO:0007666	OMIM:137763	ORPHA:2085
MONDO:0007669	OMIM:137920	ORPHA:93111
MONDO:0007672	OMIM:138000	ORPHA:83454
MONDO:0007681	OMIM:138800	ORPHA:276399
MONDO:0007683	OMIM:138930	ORPHA:2097
MONDO:0007686	OMIM:139090	ORPHA:721
MONDO:0007688	OMIM:139210	ORPHA:2588
MONDO:0007690	OMIM:139300	ORPHA:178345
MONDO:0007693	OMIM:139600	ORPHA:2220
MONDO:0007698	OMIM:140000	ORPHA:2438
MONDO:0007700	OMIM:140350	ORPHA:2118
MONDO:0007708	OMIM:141000	ORPHA:2330
MONDO:0007710	OMIM:141300	ORPHA:1214
MONDO:0007711	OMIM:141350	ORPHA:1241
MONDO:0007712	OMIM:141400	ORPHA:2549
MONDO:0007716	OMIM:141750	ORPHA:98791
MONDO:0007725	OMIM:142630	ORPHA:158025
MONDO:0007726	OMIM:142669	ORPHA:2114
MONDO:0007727	OMIM:142680	ORPHA:32960
MONDO:0007732	OMIM:142900	ORPHA:392
MONDO:0007737	OMIM:143050	ORPHA:3265
MONDO:0007738	OMIM:143095	ORPHA:263463
MONDO:0007739	OMIM:143100	ORPHA:399
MONDO:0007740	OMIM:143200	ORPHA:898
MONDO:0007756	OMIM:144150	ORPHA:409
MONDO:0007758	OMIM:144200	ORPHA:2199
MONDO:0007764	OMIM:144750	ORPHA:2790
MONDO:0007768	OMIM:145001	ORPHA:99880
MONDO:0007793	OMIM:146000	ORPHA:429
MONDO:0007795	OMIM:146160	ORPHA:2491
MONDO:0007797	OMIM:146255	ORPHA:2237
MONDO:0007800	OMIM:146390	ORPHA:1598
MONDO:0007804	OMIM:146510	ORPHA:672
MONDO:0007808	OMIM:146590	ORPHA:79503
MONDO:0007813	OMIM:146800	ORPHA:455
MONDO:0007818	OMIM:147060	ORPHA:2314
MONDO:0007820	OMIM:147251	ORPHA:2287
MONDO:0007827	OMIM:147421	ORPHA:611
MONDO:0007836	OMIM:147750	ORPHA:2307
MONDO:0007838	OMIM:147791	ORPHA:2308
MONDO:0007839	OMIM:147800	ORPHA:916
MONDO:0007841	OMIM:147891	ORPHA:1509
MONDO:0007846	OMIM:148050	ORPHA:2332
MONDO:0007848	OMIM:148190	ORPHA:2334
MONDO:0007852	OMIM:148350	ORPHA:2202
MONDO:0007854	OMIM:148370	ORPHA:50943
MONDO:0007856	OMIM:148500	ORPHA:2198
MONDO:0007857	OMIM:148520	ORPHA:86919
MONDO:0007860	OMIM:148730	ORPHA:2200
MONDO:0007862	OMIM:148820	ORPHA:896
MONDO:0007863	OMIM:148840	ORPHA:33543
MONDO:0007864	OMIM:149000	ORPHA:90308
MONDO:0007866	OMIM:149200	ORPHA:2698
MONDO:0007874	OMIM:150230	ORPHA:502
MONDO:0007875	OMIM:150250	ORPHA:503
MONDO:0007876	OMIM:150260	ORPHA:2808
MONDO:0007878	OMIM:150280	ORPHA:2373
MONDO:0007879	OMIM:150300	ORPHA:1202
MONDO:0007885	OMIM:150600	ORPHA:2380
MONDO:0007888	OMIM:150800	ORPHA:523
MONDO:0007892	OMIM:151050	ORPHA:2658
MONDO:0007894	OMIM:151200	ORPHA:2900
MONDO:0007895	OMIM:151210	ORPHA:85166
MONDO:0007896	OMIM:151380	ORPHA:514
MONDO:0007906	OMIM:151660	ORPHA:2348
MONDO:0007908	OMIM:151800	ORPHA:2398
MONDO:0007909	OMIM:151900	ORPHA:199276
MONDO:0007915	OMIM:152700	ORPHA:536
MONDO:0007916	OMIM:152800	ORPHA:90362
MONDO:0007918	OMIM:152950	ORPHA:2526
MONDO:0007919	OMIM:153100	ORPHA:79452
MONDO:0007920	OMIM:153200	ORPHA:90186
MONDO:0007921	OMIM:153300	ORPHA:662
MONDO:0007922	OMIM:153400	ORPHA:33001
MONDO:0007925	OMIM:153550	ORPHA:86841
MONDO:0007931	OMIM:153700	ORPHA:1243
MONDO:0007943	OMIM:154400	ORPHA:245
MONDO:0007946	OMIM:154600	ORPHA:91412
MONDO:0007947	OMIM:154700	ORPHA:558
MONDO:0007949	OMIM:154780	ORPHA:560
MONDO:0007953	OMIM:155050	ORPHA:1248
MONDO:0007956	OMIM:155145	ORPHA:1993
MONDO:0007959	OMIM:155255	ORPHA:616
MONDO:0007969	OMIM:155900	ORPHA:2483
MONDO:0007970	OMIM:155950	ORPHA:2485
MONDO:0007971	OMIM:155980	ORPHA:3034
MONDO:0007977	OMIM:156232	ORPHA:1836
MONDO:0007979	OMIM:156250	ORPHA:2499
MONDO:0007982	OMIM:156400	ORPHA:33067
MONDO:0007983	OMIM:156500	ORPHA:174
MONDO:0007986	OMIM:156530	ORPHA:2635
MONDO:0007987	OMIM:156550	ORPHA:485
MONDO:0007989	OMIM:156600	ORPHA:566
MONDO:0007992	OMIM:156700	ORPHA:2536
MONDO:0008005	OMIM:157800	ORPHA:3238
MONDO:0008006	OMIM:157900	ORPHA:570
MONDO:0008007	OMIM:157950	ORPHA:1077
MONDO:0008008	OMIM:157980	ORPHA:2563
MONDO:0008013	OMIM:158170	ORPHA:261112
MONDO:0008016	OMIM:158300	ORPHA:3377
MONDO:0008017	OMIM:158310	ORPHA:1839
MONDO:0008019	OMIM:158330	ORPHA:247768
MONDO:0008038	OMIM:159550	ORPHA:2585
MONDO:0008043	OMIM:159800	ORPHA:2589
MONDO:0008045	OMIM:159950	ORPHA:2590
MONDO:0008047	OMIM:160120	ORPHA:37612
MONDO:0008048	OMIM:160150	ORPHA:169189
MONDO:0008050	OMIM:160500	ORPHA:59135
MONDO:0008056	OMIM:160900	ORPHA:273
MONDO:0008059	OMIM:161000	ORPHA:69087
MONDO:0008060	OMIM:161050	ORPHA:79153
MONDO:0008061	OMIM:161200	ORPHA:2614
MONDO:0008087	OMIM:162500	ORPHA:640
MONDO:0008090	OMIM:162800	ORPHA:2686
MONDO:0008094	OMIM:163000	ORPHA:624
MONDO:0008097	OMIM:163200	ORPHA:2612
MONDO:0008098	OMIM:163400	ORPHA:2633
MONDO:0008101	OMIM:163700	ORPHA:2456
MONDO:0008108	OMIM:164180	ORPHA:1647
MONDO:0008111	OMIM:164200	ORPHA:2710
MONDO:0008115	OMIM:164280	ORPHA:391641
MONDO:0008119	OMIM:164400	ORPHA:98755
MONDO:0008123	OMIM:164745	ORPHA:93328
MONDO:0008127	OMIM:164900	ORPHA:2741
MONDO:0008130	OMIM:165150	ORPHA:2743
MONDO:0008133	OMIM:165300	ORPHA:67036
MONDO:0008134	OMIM:165500	ORPHA:98673
MONDO:0008139	OMIM:165660	ORPHA:2760
MONDO:0008142	OMIM:165700	ORPHA:3314
MONDO:0008145	OMIM:166000	ORPHA:296
MONDO:0008150	OMIM:166250	ORPHA:2645
MONDO:0008151	OMIM:166260	ORPHA:53697
MONDO:0008152	OMIM:166300	ORPHA:2774
MONDO:0008153	OMIM:166350	ORPHA:2762
MONDO:0008155	OMIM:166450	ORPHA:2777
MONDO:0008156	OMIM:166600	ORPHA:53
MONDO:0008161	OMIM:166750	ORPHA:2791
MONDO:0008165	OMIM:166900	ORPHA:98868
MONDO:0008168	OMIM:166970	ORPHA:314473
MONDO:0008175	OMIM:167220	ORPHA:1952
MONDO:0008179	OMIM:167400	ORPHA:46348
MONDO:0008180	OMIM:167500	ORPHA:2291
MONDO:0008182	OMIM:167730	ORPHA:2399
MONDO:0008183	OMIM:167750	ORPHA:675
MONDO:0008185	OMIM:167800	ORPHA:676
MONDO:0008195	OMIM:168300	ORPHA:684
MONDO:0008201	OMIM:168605	ORPHA:178509
MONDO:0008209	OMIM:169100	ORPHA:46627
MONDO:0008217	OMIM:169550	ORPHA:2839
MONDO:0008218	OMIM:169600	ORPHA:2841
MONDO:0008219	OMIM:169610	ORPHA:704
MONDO:0008221	OMIM:170100	ORPHA:742
MONDO:0008222	OMIM:170390	ORPHA:37553
MONDO:0008224	OMIM:170500	ORPHA:682
MONDO:0008244	OMIM:172800	ORPHA:2884
MONDO:0008245	OMIM:172850	ORPHA:2885
MONDO:0008247	OMIM:172880	ORPHA:3104
MONDO:0008251	OMIM:173200	ORPHA:2897
MONDO:0008259	OMIM:173600	ORPHA:2903
MONDO:0008260	OMIM:173650	ORPHA:2908
MONDO:0008262	OMIM:173800	ORPHA:2911
MONDO:0008267	OMIM:174300	ORPHA:2919
MONDO:0008268	OMIM:174310	ORPHA:2917
MONDO:0008280	OMIM:175200	ORPHA:2869
MONDO:0008283	OMIM:175500	ORPHA:2930
MONDO:0008287	OMIM:175700	ORPHA:380
MONDO:0008291	OMIM:175850	ORPHA:737
MONDO:0008294	OMIM:176000	ORPHA:79276
MONDO:0008297	OMIM:176200	ORPHA:79473
MONDO:0008298	OMIM:176240	ORPHA:2730
MONDO:0008300	OMIM:176270	ORPHA:739
MONDO:0008303	OMIM:176410	ORPHA:3000
MONDO:0008305	OMIM:176450	ORPHA:1552
MONDO:0008310	OMIM:176670	ORPHA:740
MONDO:0008311	OMIM:176690	ORPHA:2959
MONDO:0008312	OMIM:176700	ORPHA:2964
MONDO:0008318	OMIM:176920	ORPHA:744
MONDO:0008322	OMIM:177170	ORPHA:750
MONDO:0008335	OMIM:177980	ORPHA:2994
MONDO:0008337	OMIM:178000	ORPHA:2989
MONDO:0008346	OMIM:178550	ORPHA:99931
MONDO:0008353	OMIM:178995	ORPHA:64745
MONDO:0008357	OMIM:179250	ORPHA:2252
MONDO:0008359	OMIM:179280	ORPHA:3015
MONDO:0008365	OMIM:179613	ORPHA:96167
MONDO:0008369	OMIM:179830	ORPHA:47159
MONDO:0008388	OMIM:180600	ORPHA:169
MONDO:0008392	OMIM:180800	ORPHA:3115
MONDO:0008393	OMIM:180849	ORPHA:353277
MONDO:0008395	OMIM:180870	ORPHA:3121
MONDO:0008396	OMIM:180900	ORPHA:2709
MONDO:0008402	OMIM:181180	ORPHA:2013
MONDO:0008403	OMIM:181250	ORPHA:1003
MONDO:0008404	OMIM:181270	ORPHA:2036
MONDO:0008411	OMIM:181450	ORPHA:3138
MONDO:0008416	OMIM:181600	ORPHA:384
MONDO:0008421	OMIM:182150	ORPHA:1968
MONDO:0008425	OMIM:182210	ORPHA:3164
MONDO:0008426	OMIM:182212	ORPHA:2462
MONDO:0008428	OMIM:182230	ORPHA:3157
MONDO:0008434	OMIM:182290	ORPHA:819
MONDO:0008436	OMIM:182410	ORPHA:820
MONDO:0008437	OMIM:182600	ORPHA:100984
MONDO:0008438	OMIM:182601	ORPHA:100985
MONDO:0008442	OMIM:182815	ORPHA:2821
MONDO:0008445	OMIM:182875	ORPHA:3038
MONDO:0008453	OMIM:182980	ORPHA:209335
MONDO:0008457	OMIM:183086	ORPHA:98758
MONDO:0008458	OMIM:183090	ORPHA:98756
MONDO:0008460	OMIM:183300	ORPHA:2063
MONDO:0008465	OMIM:183700	ORPHA:2439
MONDO:0008471	OMIM:183900	ORPHA:94068
MONDO:0008476	OMIM:184250	ORPHA:93346
MONDO:0008477	OMIM:184252	ORPHA:93314
MONDO:0008478	OMIM:184253	ORPHA:93316
MONDO:0008479	OMIM:184255	ORPHA:93315
MONDO:0008482	OMIM:184400	ORPHA:3181
MONDO:0008485	OMIM:184500	ORPHA:841
MONDO:0008488	OMIM:184705	ORPHA:3186
MONDO:0008490	OMIM:184840	ORPHA:166100
MONDO:0008491	OMIM:184850	ORPHA:3198
MONDO:0008492	OMIM:184900	ORPHA:2833
MONDO:0008493	OMIM:185000	ORPHA:3203
MONDO:0008497	OMIM:185070	ORPHA:3204
MONDO:0008501	OMIM:185300	ORPHA:3205
MONDO:0008503	OMIM:185480	ORPHA:3465
MONDO:0008504	OMIM:185500	ORPHA:3193
MONDO:0008509	OMIM:185700	ORPHA:3248
MONDO:0008512	OMIM:185900	ORPHA:93402
MONDO:0008514	OMIM:186100	ORPHA:93404
MONDO:0008515	OMIM:186200	ORPHA:93405
MONDO:0008516	OMIM:186300	ORPHA:93406
MONDO:0008520	OMIM:186550	ORPHA:1275
MONDO:0008521	OMIM:186570	ORPHA:1412
MONDO:0008523	OMIM:186580	ORPHA:90340
MONDO:0008538	OMIM:187360	ORPHA:397
MONDO:0008540	OMIM:187390	ORPHA:3294
MONDO:0008542	OMIM:187500	ORPHA:3303
MONDO:0008544	OMIM:187510	ORPHA:2564
MONDO:0008546	OMIM:187600	ORPHA:1860
MONDO:0008547	OMIM:187601	ORPHA:93274
MONDO:0008557	OMIM:188025	ORPHA:851
MONDO:0008558	OMIM:188030	ORPHA:3002
MONDO:0008562	OMIM:188150	ORPHA:2251
MONDO:0008563	OMIM:188201	ORPHA:1078
MONDO:0008582	OMIM:189500	ORPHA:2228
MONDO:0008586	OMIM:189960	ORPHA:1199
MONDO:0008588	OMIM:190100	ORPHA:53372
MONDO:0008591	OMIM:190310	ORPHA:3350
MONDO:0008592	OMIM:190320	ORPHA:3352
MONDO:0008599	OMIM:190400	ORPHA:221091
MONDO:0008608	OMIM:190685	ORPHA:870
MONDO:0008610	OMIM:190900	ORPHA:88629
MONDO:0008619	OMIM:191420	ORPHA:1837
MONDO:0008620	OMIM:191440	ORPHA:2497
MONDO:0008624	OMIM:191520	ORPHA:3408
MONDO:0008633	OMIM:191900	ORPHA:575
MONDO:0008637	OMIM:192100	ORPHA:99771
MONDO:0008641	OMIM:192315	ORPHA:247691
MONDO:0008642	OMIM:192350	ORPHA:887
MONDO:0008645	OMIM:192445	ORPHA:3201
MONDO:0008650	OMIM:192800	ORPHA:2064
MONDO:0008652	OMIM:192950	ORPHA:178382
MONDO:0008660	OMIM:193100	ORPHA:89937
MONDO:0008665	OMIM:193240	ORPHA:2997
MONDO:0008666	OMIM:193250	ORPHA:508410
MONDO:0008667	OMIM:193300	ORPHA:892
MONDO:0008670	OMIM:193500	ORPHA:894
MONDO:0008673	OMIM:193530	ORPHA:952
MONDO:0008675	OMIM:193700	ORPHA:2053
MONDO:0008678	OMIM:194050	ORPHA:904
MONDO:0008681	OMIM:194072	ORPHA:893
MONDO:0008682	OMIM:194080	ORPHA:220
MONDO:0008684	OMIM:194190	ORPHA:280
MONDO:0008692	OMIM:200100	ORPHA:14
MONDO:0008693	OMIM:200110	ORPHA:920
MONDO:0008695	OMIM:200150	ORPHA:2388
MONDO:0008699	OMIM:200450	ORPHA:929
MONDO:0008700	OMIM:200500	ORPHA:931
MONDO:0008701	OMIM:200600	ORPHA:93299
MONDO:0008702	OMIM:200610	ORPHA:93296
MONDO:0008703	OMIM:200700	ORPHA:2098
MONDO:0008704	OMIM:200900	ORPHA:935
MONDO:0008707	OMIM:200980	ORPHA:958
MONDO:0008708	OMIM:200990	ORPHA:36
MONDO:0008709	OMIM:200995	ORPHA:221054
MONDO:0008713	OMIM:201100	ORPHA:37
MONDO:0008714	OMIM:201170	ORPHA:1788
MONDO:0008717	OMIM:201250	ORPHA:968
MONDO:0008720	OMIM:201400	ORPHA:199296
MONDO:0008721	OMIM:201450	ORPHA:42
MONDO:0008722	OMIM:201470	ORPHA:26792
MONDO:0008723	OMIM:201475	ORPHA:26793
MONDO:0008725	OMIM:201710	ORPHA:90790
MONDO:0008727	OMIM:201810	ORPHA:90791
MONDO:0008728	OMIM:201910	ORPHA:90794
MONDO:0008729	OMIM:202010	ORPHA:90795
MONDO:0008730	OMIM:202110	ORPHA:90793
MONDO:0008737	OMIM:202400	ORPHA:98880
MONDO:0008740	OMIM:202650	ORPHA:990
MONDO:0008744	OMIM:203000	ORPHA:2007
MONDO:0008745	OMIM:203100	ORPHA:79431
MONDO:0008746	OMIM:203200	ORPHA:79432
MONDO:0008747	OMIM:203290	ORPHA:79433
MONDO:0008749	OMIM:203330	ORPHA:94090
MONDO:0008750	OMIM:203340	ORPHA:2513
MONDO:0008752	OMIM:203450	ORPHA:58
MONDO:0008753	OMIM:203500	ORPHA:56
MONDO:0008757	OMIM:203655	ORPHA:701
MONDO:0008758	OMIM:203700	ORPHA:726
MONDO:0008759	OMIM:203740	ORPHA:31
MONDO:0008760	OMIM:203750	ORPHA:134
MONDO:0008763	OMIM:203800	ORPHA:64
MONDO:0008771	OMIM:204690	ORPHA:1031
MONDO:0008774	OMIM:204750	ORPHA:79154
MONDO:0008777	OMIM:204870	ORPHA:98957
MONDO:0008783	OMIM:205400	ORPHA:31150
MONDO:0008788	OMIM:206200	ORPHA:209981
MONDO:0008791	OMIM:206500	ORPHA:1048
MONDO:0008795	OMIM:206700	ORPHA:1065
MONDO:0008796	OMIM:206750	ORPHA:1064
MONDO:0008799	OMIM:206900	ORPHA:77298
MONDO:0008800	OMIM:206920	ORPHA:1106
MONDO:0008809	OMIM:207740	ORPHA:2926
MONDO:0008811	OMIM:207770	ORPHA:3469
MONDO:0008812	OMIM:207780	ORPHA:1133
MONDO:0008814	OMIM:207800	ORPHA:90
MONDO:0008815	OMIM:207900	ORPHA:23
MONDO:0008818	OMIM:208050	ORPHA:3342
MONDO:0008823	OMIM:208100	ORPHA:1143
MONDO:0008825	OMIM:208155	ORPHA:1150
MONDO:0008827	OMIM:208230	ORPHA:1159
MONDO:0008828	OMIM:208250	ORPHA:2848
MONDO:0008829	OMIM:208300	ORPHA:1160
MONDO:0008830	OMIM:208400	ORPHA:93
MONDO:0008838	OMIM:208850	ORPHA:1188
MONDO:0008840	OMIM:208900	ORPHA:100
MONDO:0008842	OMIM:208920	ORPHA:1168
MONDO:0008843	OMIM:209010	ORPHA:1192
MONDO:0008846	OMIM:209300	ORPHA:1195
MONDO:0008849	OMIM:209700	ORPHA:79100
MONDO:0008853	OMIM:209885	ORPHA:1231
MONDO:0008857	OMIM:209970	ORPHA:1237
MONDO:0008864	OMIM:210350	ORPHA:141333
MONDO:0008865	OMIM:210370	ORPHA:41751
MONDO:0008870	OMIM:210700	ORPHA:2617
MONDO:0008872	OMIM:210720	ORPHA:2637
MONDO:0008874	OMIM:210740	ORPHA:1227
MONDO:0008875	OMIM:210745	ORPHA:2057
MONDO:0008876	OMIM:210900	ORPHA:125
MONDO:0008877	OMIM:211000	ORPHA:94086
MONDO:0008879	OMIM:211180	ORPHA:1270
MONDO:0008881	OMIM:211350	ORPHA:1801
MONDO:0008885	OMIM:211380	ORPHA:1299
MONDO:0008889	OMIM:211480	ORPHA:36258
MONDO:0008893	OMIM:211750	ORPHA:1308
MONDO:0008894	OMIM:211770	ORPHA:1375
MONDO:0008895	OMIM:211800	ORPHA:289601
MONDO:0008896	OMIM:211890	ORPHA:1318
MONDO:0008907	OMIM:212065	ORPHA:79318
MONDO:0008908	OMIM:212066	ORPHA:79329
MONDO:0008915	OMIM:212112	ORPHA:2229
MONDO:0008918	OMIM:212138	ORPHA:159
MONDO:0008919	OMIM:212140	ORPHA:158
MONDO:0008921	OMIM:212200	ORPHA:1361
MONDO:0008922	OMIM:212350	ORPHA:1369
MONDO:0008923	OMIM:212360	ORPHA:1366
MONDO:0008931	OMIM:212780	ORPHA:3258
MONDO:0008935	OMIM:212840	ORPHA:1173
MONDO:0008939	OMIM:213000	ORPHA:1398
MONDO:0008941	OMIM:213010	ORPHA:2031
MONDO:0008943	OMIM:213200	ORPHA:1170
MONDO:0008948	OMIM:213700	ORPHA:909
MONDO:0008959	OMIM:214350	ORPHA:1401
MONDO:0008961	OMIM:214400	ORPHA:99948
MONDO:0008962	OMIM:214450	ORPHA:79476
MONDO:0008963	OMIM:214500	ORPHA:167
MONDO:0008966	OMIM:214900	ORPHA:1414
MONDO:0008967	OMIM:214950	ORPHA:79095
MONDO:0008970	OMIM:215045	ORPHA:50945
MONDO:0008974	OMIM:215140	ORPHA:1426
MONDO:0008980	OMIM:215470	ORPHA:1180
MONDO:0008988	OMIM:215700	ORPHA:247525
MONDO:0008991	OMIM:215850	ORPHA:3429
MONDO:0008992	OMIM:216100	ORPHA:2319
MONDO:0008993	OMIM:216300	ORPHA:2010
MONDO:0008995	OMIM:216340	ORPHA:3472
MONDO:0008999	OMIM:216550	ORPHA:193
MONDO:0009000	OMIM:216700	ORPHA:79147
MONDO:0009007	OMIM:217080	ORPHA:1873
MONDO:0009008	OMIM:217085	ORPHA:1338
MONDO:0009009	OMIM:217090	ORPHA:722
MONDO:0009012	OMIM:217150	ORPHA:2215
MONDO:0009015	OMIM:217400	ORPHA:1490
MONDO:0009019	OMIM:217700	ORPHA:293603
MONDO:0009020	OMIM:217800	ORPHA:98969
MONDO:0009021	OMIM:217980	ORPHA:3338
MONDO:0009022	OMIM:217990	ORPHA:200
MONDO:0009025	OMIM:218030	ORPHA:320
MONDO:0009026	OMIM:218040	ORPHA:3071
MONDO:0009033	OMIM:218340	ORPHA:1777
MONDO:0009034	OMIM:218350	ORPHA:1516
MONDO:0009039	OMIM:218600	ORPHA:1225
MONDO:0009045	OMIM:218900	ORPHA:1380
MONDO:0009050	OMIM:219090	ORPHA:96253
MONDO:0009053	OMIM:219150	ORPHA:35664
MONDO:0009055	OMIM:219250	ORPHA:1556
MONDO:0009058	OMIM:219500	ORPHA:212
MONDO:0009061	OMIM:219700	ORPHA:586
MONDO:0009064	OMIM:219750	ORPHA:411641
MONDO:0009066	OMIM:219900	ORPHA:411634
MONDO:0009067	OMIM:220100	ORPHA:214
MONDO:0009069	OMIM:220111	ORPHA:70472
MONDO:0009070	OMIM:220120	ORPHA:941
MONDO:0009072	OMIM:220200	ORPHA:217
MONDO:0009075	OMIM:220220	ORPHA:1566
MONDO:0009079	OMIM:220500	ORPHA:79500
MONDO:0009083	OMIM:221300	ORPHA:3216
MONDO:0009084	OMIM:221320	ORPHA:3236
MONDO:0009085	OMIM:221350	ORPHA:3239
MONDO:0009086	OMIM:221400	ORPHA:3217
MONDO:0009089	OMIM:221740	ORPHA:3230
MONDO:0009091	OMIM:221750	ORPHA:231720
MONDO:0009093	OMIM:221790	ORPHA:1659
MONDO:0009094	OMIM:221800	ORPHA:79149
MONDO:0009099	OMIM:221995	ORPHA:3145
MONDO:0009104	OMIM:222448	ORPHA:2143
MONDO:0009107	OMIM:222600	ORPHA:628
MONDO:0009109	OMIM:222700	ORPHA:470
MONDO:0009111	OMIM:222748	ORPHA:38874
MONDO:0009114	OMIM:222900	ORPHA:35122
MONDO:0009121	OMIM:223340	ORPHA:3439
MONDO:0009123	OMIM:223360	ORPHA:230
MONDO:0009124	OMIM:223370	ORPHA:235
MONDO:0009130	OMIM:223800	ORPHA:239
MONDO:0009131	OMIM:223900	ORPHA:1764
MONDO:0009138	OMIM:224300	ORPHA:1782
MONDO:0009140	OMIM:224410	ORPHA:1865
MONDO:0009141	OMIM:224500	ORPHA:99657
MONDO:0009144	OMIM:224700	ORPHA:1880
MONDO:0009145	OMIM:224750	ORPHA:50944
MONDO:0009146	OMIM:224800	ORPHA:1883
MONDO:0009151	OMIM:225060	ORPHA:3253
MONDO:0009155	OMIM:225280	ORPHA:1897
MONDO:0009156	OMIM:225290	ORPHA:1892
MONDO:0009159	OMIM:225320	ORPHA:230851
MONDO:0009161	OMIM:225410	ORPHA:1901
MONDO:0009162	OMIM:225500	ORPHA:289
MONDO:0009166	OMIM:225753	ORPHA:166063
MONDO:0009175	OMIM:226350	ORPHA:3165
MONDO:0009179	OMIM:226600	ORPHA:79408
MONDO:0009181	OMIM:226670	ORPHA:257
MONDO:0009182	OMIM:226700	ORPHA:79404
MONDO:0009183	OMIM:226730	ORPHA:79403
MONDO:0009185	OMIM:226750	ORPHA:1946
MONDO:0009188	OMIM:226850	ORPHA:1951
MONDO:0009189	OMIM:226900	ORPHA:93307
MONDO:0009191	OMIM:226960	ORPHA:1824
MONDO:0009192	OMIM:226980	ORPHA:1667
MONDO:0009196	OMIM:227010	ORPHA:999
MONDO:0009203	OMIM:227260	ORPHA:1807
MONDO:0009204	OMIM:227270	ORPHA:1972
MONDO:0009209	OMIM:227330	ORPHA:1974
MONDO:0009210	OMIM:227400	ORPHA:326
MONDO:0009211	OMIM:227500	ORPHA:327
MONDO:0009212	OMIM:227600	ORPHA:328
MONDO:0009216	OMIM:227810	ORPHA:2088
MONDO:0009218	OMIM:228000	ORPHA:333
MONDO:0009222	OMIM:228250	ORPHA:1986
MONDO:0009224	OMIM:228355	ORPHA:1910
MONDO:0009231	OMIM:228900	ORPHA:2639
MONDO:0009238	OMIM:229050	ORPHA:90045
MONDO:0009239	OMIM:229070	ORPHA:52901
MONDO:0009240	OMIM:229100	ORPHA:51208
MONDO:0009241	OMIM:229120	ORPHA:3219
MONDO:0009247	OMIM:229400	ORPHA:1791
MONDO:0009249	OMIM:229600	ORPHA:469
MONDO:0009251	OMIM:229700	ORPHA:348
MONDO:0009252	OMIM:229800	ORPHA:2056
MONDO:0009253	OMIM:229850	ORPHA:2059
MONDO:0009254	OMIM:230000	ORPHA:349
MONDO:0009255	OMIM:230200	ORPHA:79237
MONDO:0009257	OMIM:230350	ORPHA:79238
MONDO:0009258	OMIM:230400	ORPHA:79239
MONDO:0009259	OMIM:230450	ORPHA:33574
MONDO:0009260	OMIM:230500	ORPHA:79255
MONDO:0009263	OMIM:230740	ORPHA:2067
MONDO:0009265	OMIM:230800	ORPHA:77259
MONDO:0009266	OMIM:230900	ORPHA:77260
MONDO:0009267	OMIM:231000	ORPHA:77261
MONDO:0009268	OMIM:231005	ORPHA:2072
MONDO:0009270	OMIM:231060	ORPHA:2075
MONDO:0009271	OMIM:231070	ORPHA:2078
MONDO:0009274	OMIM:231095	ORPHA:1802
MONDO:0009275	OMIM:231100	ORPHA:446
MONDO:0009276	OMIM:231200	ORPHA:274
MONDO:0009279	OMIM:231550	ORPHA:869
MONDO:0009281	OMIM:231670	ORPHA:25
MONDO:0009282	OMIM:231680	ORPHA:26791
MONDO:0009283	OMIM:231690	ORPHA:35706
MONDO:0009285	OMIM:231950	ORPHA:33573
MONDO:0009291	OMIM:232400	ORPHA:366
MONDO:0009292	OMIM:232500	ORPHA:367
MONDO:0009293	OMIM:232600	ORPHA:368
MONDO:0009294	OMIM:232700	ORPHA:369
MONDO:0009295	OMIM:232800	ORPHA:371
MONDO:0009297	OMIM:233100	ORPHA:69076
MONDO:0009303	OMIM:233450	ORPHA:375
MONDO:0009315	OMIM:234000	ORPHA:330
MONDO:0009318	OMIM:234100	ORPHA:2108
MONDO:0009319	OMIM:234200	ORPHA:157850
MONDO:0009321	OMIM:234280	ORPHA:2110
MONDO:0009324	OMIM:234500	ORPHA:2116
MONDO:0009326	OMIM:234700	ORPHA:60041
MONDO:0009329	OMIM:234810	ORPHA:199241
MONDO:0009331	OMIM:235000	ORPHA:2128
MONDO:0009333	OMIM:235255	ORPHA:1655
MONDO:0009338	OMIM:235550	ORPHA:79124
MONDO:0009339	OMIM:235555	ORPHA:79303
MONDO:0009341	OMIM:235730	ORPHA:2152
MONDO:0009345	OMIM:235800	ORPHA:2157
MONDO:0009346	OMIM:235830	ORPHA:2158
MONDO:0009348	OMIM:236000	ORPHA:391
MONDO:0009350	OMIM:236110	ORPHA:2167
MONDO:0009352	OMIM:236200	ORPHA:394
MONDO:0009353	OMIM:236250	ORPHA:395
MONDO:0009354	OMIM:236270	ORPHA:2169
MONDO:0009363	OMIM:236660	ORPHA:2181
MONDO:0009367	OMIM:236700	ORPHA:2473
MONDO:0009370	OMIM:236792	ORPHA:79314
MONDO:0009371	OMIM:236795	ORPHA:939
MONDO:0009372	OMIM:236800	ORPHA:79155
MONDO:0009373	OMIM:236900	ORPHA:79156
MONDO:0009376	OMIM:237300	ORPHA:147
MONDO:0009377	OMIM:237310	ORPHA:927
MONDO:0009379	OMIM:237450	ORPHA:3111
MONDO:0009380	OMIM:237500	ORPHA:234
MONDO:0009388	OMIM:238700	ORPHA:2203
MONDO:0009393	OMIM:238970	ORPHA:415
MONDO:0009394	OMIM:239000	ORPHA:2801
MONDO:0009395	OMIM:239100	ORPHA:3416
MONDO:0009397	OMIM:239200	ORPHA:417
MONDO:0009400	OMIM:239500	ORPHA:419
MONDO:0009401	OMIM:239510	ORPHA:79101
MONDO:0009402	OMIM:239710	ORPHA:2211
MONDO:0009404	OMIM:239800	ORPHA:2213
MONDO:0009405	OMIM:239840	ORPHA:2218
MONDO:0009406	OMIM:239850	ORPHA:1517
MONDO:0009411	OMIM:240300	ORPHA:3453
MONDO:0009414	OMIM:240600	ORPHA:2089
MONDO:0009416	OMIM:240900	ORPHA:293964
MONDO:0009417	OMIM:240950	ORPHA:2410
MONDO:0009419	OMIM:241080	ORPHA:3464
MONDO:0009420	OMIM:241090	ORPHA:2232
MONDO:0009425	OMIM:241310	ORPHA:1790
MONDO:0009426	OMIM:241410	ORPHA:2323
MONDO:0009431	OMIM:241530	ORPHA:157215
MONDO:0009437	OMIM:241850	ORPHA:1226
MONDO:0009443	OMIM:242500	ORPHA:457
MONDO:0009445	OMIM:242520	ORPHA:2274
MONDO:0009448	OMIM:242600	ORPHA:42062
MONDO:0009451	OMIM:242700	ORPHA:83471
MONDO:0009452	OMIM:242840	ORPHA:1493
MONDO:0009458	OMIM:242900	ORPHA:1830
MONDO:0009468	OMIM:243200	ORPHA:238624
MONDO:0009473	OMIM:243440	ORPHA:2306
MONDO:0009475	OMIM:243500	ORPHA:33
MONDO:0009476	OMIM:243600	ORPHA:1201
MONDO:0009478	OMIM:243700	ORPHA:217390
MONDO:0009479	OMIM:243800	ORPHA:2315
MONDO:0009480	OMIM:243910	ORPHA:2318
MONDO:0009483	OMIM:244300	ORPHA:2328
MONDO:0009485	OMIM:244450	ORPHA:2707
MONDO:0009486	OMIM:244460	ORPHA:93324
MONDO:0009490	OMIM:245000	ORPHA:678
MONDO:0009491	OMIM:245010	ORPHA:2342
MONDO:0009492	OMIM:245050	ORPHA:832
MONDO:0009495	OMIM:245150	ORPHA:85202
MONDO:0009499	OMIM:245200	ORPHA:487
MONDO:0009502	OMIM:245348	ORPHA:79244
MONDO:0009503	OMIM:245349	ORPHA:255182
MONDO:0009504	OMIM:245400	ORPHA:17
MONDO:0009507	OMIM:245550	ORPHA:1296
MONDO:0009513	OMIM:245660	ORPHA:2407
MONDO:0009514	OMIM:245800	ORPHA:2377
MONDO:0009516	OMIM:246000	ORPHA:2310
MONDO:0009517	OMIM:246200	ORPHA:508
MONDO:0009520	OMIM:246450	ORPHA:20
MONDO:0009525	OMIM:246560	ORPHA:1307
MONDO:0009528	OMIM:246700	ORPHA:71
MONDO:0009529	OMIM:246900	ORPHA:2394
MONDO:0009530	OMIM:247100	ORPHA:530
MONDO:0009532	OMIM:247200	ORPHA:531
MONDO:0009533	OMIM:247410	ORPHA:1563
MONDO:0009537	OMIM:247610	ORPHA:79128
MONDO:0009543	OMIM:247990	ORPHA:2083
MONDO:0009548	OMIM:248190	ORPHA:2196
MONDO:0009549	OMIM:248200	ORPHA:364055
MONDO:0009552	OMIM:248300	ORPHA:87503
MONDO:0009556	OMIM:248360	ORPHA:943
MONDO:0009557	OMIM:248370	ORPHA:90153
MONDO:0009560	OMIM:248450	ORPHA:2717
MONDO:0009561	OMIM:248500	ORPHA:61
MONDO:0009562	OMIM:248510	ORPHA:118
MONDO:0009564	OMIM:248700	ORPHA:2461
MONDO:0009567	OMIM:248800	ORPHA:559
MONDO:0009568	OMIM:248900	ORPHA:101001
MONDO:0009569	OMIM:248910	ORPHA:2135
MONDO:0009575	OMIM:249270	ORPHA:49827
MONDO:0009577	OMIM:249310	ORPHA:2479
MONDO:0009578	OMIM:249400	ORPHA:2481
MONDO:0009579	OMIM:249420	ORPHA:137834
MONDO:0009582	OMIM:249600	ORPHA:2557
MONDO:0009583	OMIM:249620	ORPHA:2728
MONDO:0009585	OMIM:249650	ORPHA:1035
MONDO:0009588	OMIM:249700	ORPHA:2632
MONDO:0009589	OMIM:249710	ORPHA:2631
MONDO:0009591	OMIM:250100	ORPHA:309263
MONDO:0009593	OMIM:250220	ORPHA:93317
MONDO:0009595	OMIM:250250	ORPHA:175
MONDO:0009597	OMIM:250400	ORPHA:2501
MONDO:0009598	OMIM:250410	ORPHA:166035
MONDO:0009603	OMIM:250620	ORPHA:88639
MONDO:0009610	OMIM:250950	ORPHA:67046
MONDO:0009611	OMIM:250951	ORPHA:67048
MONDO:0009612	OMIM:251000	ORPHA:27
MONDO:0009618	OMIM:251220	ORPHA:2515
MONDO:0009620	OMIM:251240	ORPHA:3132
MONDO:0009621	OMIM:251250	ORPHA:2522
MONDO:0009623	OMIM:251260	ORPHA:647
MONDO:0009624	OMIM:251270	ORPHA:2518
MONDO:0009635	OMIM:251850	ORPHA:2290
MONDO:0009642	OMIM:252100	ORPHA:2751
MONDO:0009650	OMIM:252500	ORPHA:576
MONDO:0009653	OMIM:252650	ORPHA:578
MONDO:0009661	OMIM:253200	ORPHA:583
MONDO:0009662	OMIM:253220	ORPHA:584
MONDO:0009664	OMIM:253250	ORPHA:2576
MONDO:0009665	OMIM:253260	ORPHA:79241
MONDO:0009666	OMIM:253270	ORPHA:79242
MONDO:0009670	OMIM:253310	ORPHA:1486
MONDO:0009675	OMIM:253600	ORPHA:267
MONDO:0009676	OMIM:253601	ORPHA:268
MONDO:0009677	OMIM:253700	ORPHA:353
MONDO:0009678	OMIM:253800	ORPHA:272
MONDO:0009680	OMIM:254000	ORPHA:1875
MONDO:0009683	OMIM:254110	ORPHA:1878
MONDO:0009688	OMIM:254200	ORPHA:589
MONDO:0009691	OMIM:254400	ORPHA:2584
MONDO:0009692	OMIM:254450	ORPHA:824
MONDO:0009693	OMIM:254500	ORPHA:29073
MONDO:0009698	OMIM:254800	ORPHA:308
MONDO:0009704	OMIM:255110	ORPHA:228302
MONDO:0009705	OMIM:255120	ORPHA:156
MONDO:0009712	OMIM:255320	ORPHA:98905
MONDO:0009719	OMIM:255960	ORPHA:615
MONDO:0009720	OMIM:301026	ORPHA:2662
MONDO:0009721	OMIM:255990	ORPHA:2663
MONDO:0009722	OMIM:255995	ORPHA:168572
MONDO:0009723	OMIM:256000	ORPHA:506
MONDO:0009724	OMIM:256020	ORPHA:2613
MONDO:0009727	OMIM:256050	ORPHA:56304
MONDO:0009731	OMIM:256200	ORPHA:2669
MONDO:0009732	OMIM:256300	ORPHA:839
MONDO:0009735	OMIM:256500	ORPHA:634
MONDO:0009737	OMIM:256540	ORPHA:351
MONDO:0009738	OMIM:256550	ORPHA:87876
MONDO:0009742	OMIM:256710	ORPHA:33445
MONDO:0009746	OMIM:256800	ORPHA:642
MONDO:0009748	OMIM:256840	ORPHA:139578
MONDO:0009749	OMIM:256850	ORPHA:643
MONDO:0009760	OMIM:257320	ORPHA:89844
MONDO:0009764	OMIM:257550	ORPHA:1125
MONDO:0009767	OMIM:257800	ORPHA:2719
MONDO:0009769	OMIM:257910	ORPHA:2714
MONDO:0009772	OMIM:257970	ORPHA:2715
MONDO:0009777	OMIM:258200	ORPHA:2920
MONDO:0009779	OMIM:258315	ORPHA:93329
MONDO:0009780	OMIM:258320	ORPHA:2736
MONDO:0009785	OMIM:258480	ORPHA:2746
MONDO:0009787	OMIM:258501	ORPHA:67047
MONDO:0009794	OMIM:258860	ORPHA:2753
MONDO:0009796	OMIM:258870	ORPHA:414
MONDO:0009797	OMIM:258900	ORPHA:30
MONDO:0009798	OMIM:259050	ORPHA:3042
MONDO:0009803	OMIM:259410	ORPHA:2772
MONDO:0009814	OMIM:259690	ORPHA:2324
MONDO:0009818	OMIM:259730	ORPHA:2785
MONDO:0009820	OMIM:259770	ORPHA:2788
MONDO:0009821	OMIM:259775	ORPHA:1832
MONDO:0009822	OMIM:259780	ORPHA:2793
MONDO:0009823	OMIM:259900	ORPHA:93598
MONDO:0009824	OMIM:260000	ORPHA:93599
MONDO:0009825	OMIM:260005	ORPHA:33572
MONDO:0009830	OMIM:260300	ORPHA:171695
MONDO:0009835	OMIM:260470	ORPHA:2806
MONDO:0009837	OMIM:260500	ORPHA:2807
MONDO:0009838	OMIM:260530	ORPHA:2812
MONDO:0009839	OMIM:260540	ORPHA:240085
MONDO:0009841	OMIM:260565	ORPHA:2836
MONDO:0009845	OMIM:260660	ORPHA:93333
MONDO:0009846	OMIM:260800	ORPHA:2843
MONDO:0009848	OMIM:260910	ORPHA:345
MONDO:0009849	OMIM:260920	ORPHA:343
MONDO:0009852	OMIM:261000	ORPHA:332
MONDO:0009856	OMIM:261540	ORPHA:709
MONDO:0009857	OMIM:261550	ORPHA:2856
MONDO:0009861	OMIM:261600	ORPHA:716
MONDO:0009862	OMIM:261630	ORPHA:226
MONDO:0009863	OMIM:261640	ORPHA:13
MONDO:0009868	OMIM:261750	ORPHA:79240
MONDO:0009869	OMIM:261800	ORPHA:718
MONDO:0009870	OMIM:261900	ORPHA:2889
MONDO:0009871	OMIM:261990	ORPHA:2891
MONDO:0009872	OMIM:262000	ORPHA:123
MONDO:0009874	OMIM:262190	ORPHA:769
MONDO:0009877	OMIM:262500	ORPHA:633
MONDO:0009883	OMIM:262850	ORPHA:79
MONDO:0009885	OMIM:262890	ORPHA:806
MONDO:0009891	OMIM:263300	ORPHA:729
MONDO:0009897	OMIM:263570	ORPHA:206583
MONDO:0009900	OMIM:263630	ORPHA:2934
MONDO:0009901	OMIM:263650	ORPHA:1234
MONDO:0009902	OMIM:263700	ORPHA:79277
MONDO:0009903	OMIM:263750	ORPHA:246
MONDO:0009904	OMIM:263800	ORPHA:358
MONDO:0009908	OMIM:264070	ORPHA:1578
MONDO:0009910	OMIM:264090	ORPHA:3455
MONDO:0009914	OMIM:264180	ORPHA:85174
MONDO:0009915	OMIM:264270	ORPHA:2975
MONDO:0009916	OMIM:264300	ORPHA:752
MONDO:0009917	OMIM:264350	ORPHA:171876
MONDO:0009919	OMIM:264470	ORPHA:2971
MONDO:0009921	OMIM:264480	ORPHA:2166
MONDO:0009923	OMIM:264600	ORPHA:753
MONDO:0009925	OMIM:264800	ORPHA:758
MONDO:0009926	OMIM:265000	ORPHA:2990
MONDO:0009928	OMIM:265100	ORPHA:60025
MONDO:0009929	OMIM:265120	ORPHA:217563
MONDO:0009931	OMIM:265150	ORPHA:1208
MONDO:0009933	OMIM:265300	ORPHA:2414
MONDO:0009934	OMIM:265380	ORPHA:210122
MONDO:0009936	OMIM:265430	ORPHA:2257
MONDO:0009940	OMIM:265800	ORPHA:763
MONDO:0009942	OMIM:265880	ORPHA:3003
MONDO:0009943	OMIM:265900	ORPHA:3005
MONDO:0009949	OMIM:266150	ORPHA:3008
MONDO:0009950	OMIM:266200	ORPHA:766
MONDO:0009953	OMIM:266265	ORPHA:99843
MONDO:0009955	OMIM:266280	ORPHA:3021
MONDO:0009958	OMIM:266500	ORPHA:773
MONDO:0009965	OMIM:267000	ORPHA:2849
MONDO:0009966	OMIM:267010	ORPHA:3032
MONDO:0009973	OMIM:267500	ORPHA:33355
MONDO:0009978	OMIM:267760	ORPHA:1574
MONDO:0009990	OMIM:268130	ORPHA:3088
MONDO:0009996	OMIM:268250	ORPHA:3098
MONDO:0009998	OMIM:268305	ORPHA:3102
MONDO:0009999	OMIM:268310	ORPHA:1507
MONDO:0010001	OMIM:268320	ORPHA:1806
MONDO:0010004	OMIM:268650	ORPHA:1896
MONDO:0010005	OMIM:268700	ORPHA:3124
MONDO:0010006	OMIM:268800	ORPHA:796
MONDO:0010007	OMIM:268850	ORPHA:2511
MONDO:0010008	OMIM:268900	ORPHA:3129
MONDO:0010010	OMIM:269150	ORPHA:798
MONDO:0010011	OMIM:269160	ORPHA:799
MONDO:0010012	OMIM:269200	ORPHA:3143
MONDO:0010013	OMIM:269250	ORPHA:3144
MONDO:0010014	OMIM:269300	ORPHA:85184
MONDO:0010023	OMIM:269840	ORPHA:911
MONDO:0010026	OMIM:269880	ORPHA:3163
MONDO:0010028	OMIM:269921	ORPHA:3166
MONDO:0010030	OMIM:270150	ORPHA:289390
MONDO:0010031	OMIM:270200	ORPHA:816
MONDO:0010035	OMIM:270400	ORPHA:818
MONDO:0010038	OMIM:270450	ORPHA:73273
MONDO:0010039	OMIM:270460	ORPHA:1355
MONDO:0010041	OMIM:270550	ORPHA:98
MONDO:0010043	OMIM:270685	ORPHA:100998
MONDO:0010044	OMIM:270700	ORPHA:100996
MONDO:0010046	OMIM:270750	ORPHA:101003
MONDO:0010047	OMIM:270800	ORPHA:100986
MONDO:0010060	OMIM:271245	ORPHA:1186
MONDO:0010063	OMIM:271310	ORPHA:3177
MONDO:0010064	OMIM:271320	ORPHA:2572
MONDO:0010068	OMIM:271510	ORPHA:93357
MONDO:0010078	OMIM:271700	ORPHA:1856
MONDO:0010079	OMIM:271900	ORPHA:141
MONDO:0010080	OMIM:271930	ORPHA:225154
MONDO:0010083	OMIM:271980	ORPHA:22
MONDO:0010085	OMIM:272100	ORPHA:59298
MONDO:0010088	OMIM:272200	ORPHA:585
MONDO:0010091	OMIM:272430	ORPHA:1545
MONDO:0010092	OMIM:272440	ORPHA:3255
MONDO:0010094	OMIM:272460	ORPHA:3275
MONDO:0010099	OMIM:272750	ORPHA:309246
MONDO:0010100	OMIM:272800	ORPHA:845
MONDO:0010116	OMIM:273740	ORPHA:1803
MONDO:0010121	OMIM:274000	ORPHA:3320
MONDO:0010125	OMIM:274205	ORPHA:2489
MONDO:0010128	OMIM:274240	ORPHA:3327
MONDO:0010130	OMIM:274270	ORPHA:1675
MONDO:0010134	OMIM:274600	ORPHA:705
MONDO:0010139	OMIM:275100	ORPHA:90674
MONDO:0010142	OMIM:275200	ORPHA:90673
MONDO:0010144	OMIM:275220	ORPHA:93322
MONDO:0010146	OMIM:275240	ORPHA:499
MONDO:0010148	OMIM:275300	ORPHA:3347
MONDO:0010149	OMIM:275350	ORPHA:859
MONDO:0010152	OMIM:275400	ORPHA:3363
MONDO:0010155	OMIM:275630	ORPHA:98907
MONDO:0010156	OMIM:275900	ORPHA:101000
MONDO:0010160	OMIM:276600	ORPHA:28378
MONDO:0010161	OMIM:276700	ORPHA:882
MONDO:0010164	OMIM:276820	ORPHA:2879
MONDO:0010167	OMIM:276880	ORPHA:210128
MONDO:0010172	OMIM:276950	ORPHA:3412
MONDO:0010176	OMIM:277170	ORPHA:2754
MONDO:0010179	OMIM:277200	ORPHA:439
MONDO:0010181	OMIM:277320	ORPHA:1876
MONDO:0010183	OMIM:277380	ORPHA:79284
MONDO:0010184	OMIM:277400	ORPHA:79282
MONDO:0010185	OMIM:277410	ORPHA:79283
MONDO:0010188	OMIM:277460	ORPHA:96
MONDO:0010193	OMIM:277590	ORPHA:3447
MONDO:0010196	OMIM:277700	ORPHA:902
MONDO:0010199	OMIM:277740	ORPHA:2475
MONDO:0010200	OMIM:277900	ORPHA:905
MONDO:0010203	OMIM:277990	ORPHA:3080
MONDO:0010208	OMIM:278250	ORPHA:2834
MONDO:0010214	OMIM:278750	ORPHA:90342
MONDO:0010220	OMIM:279000	ORPHA:3471
MONDO:0010221	OMIM:280000	ORPHA:3474
MONDO:0010224	OMIM:300004	ORPHA:2508
MONDO:0010235	OMIM:300055	ORPHA:3077
MONDO:0010239	OMIM:300067	ORPHA:2148
MONDO:0010243	OMIM:300076	ORPHA:2571
MONDO:0010258	OMIM:300148	ORPHA:85282
MONDO:0010261	OMIM:300166	ORPHA:2712
MONDO:0010263	OMIM:300194	ORPHA:86818
MONDO:0010264	OMIM:300200	ORPHA:95702
MONDO:0010268	OMIM:300215	ORPHA:452
MONDO:0010269	OMIM:300216	ORPHA:190
MONDO:0010270	OMIM:300218	ORPHA:85274
MONDO:0010271	OMIM:300219	ORPHA:456328
MONDO:0010275	OMIM:300232	ORPHA:83629
MONDO:0010277	OMIM:300238	ORPHA:85286
MONDO:0010278	OMIM:300243	ORPHA:85278
MONDO:0010279	OMIM:300244	ORPHA:88630
MONDO:0010281	OMIM:300257	ORPHA:34587
MONDO:0010283	OMIM:300260	ORPHA:1762
MONDO:0010284	OMIM:300261	ORPHA:85276
MONDO:0010285	OMIM:300262	ORPHA:85273
MONDO:0010286	OMIM:300263	ORPHA:85287
MONDO:0010287	OMIM:300266	ORPHA:100997
MONDO:0010294	OMIM:300299	ORPHA:86788
MONDO:0010298	OMIM:300322	ORPHA:510
MONDO:0010299	OMIM:300323	ORPHA:79233
MONDO:0010305	OMIM:300352	ORPHA:52503
MONDO:0010306	OMIM:300354	ORPHA:85293
MONDO:0010310	OMIM:300373	ORPHA:2780
MONDO:0010311	OMIM:300376	ORPHA:98895
MONDO:0010315	OMIM:300400	ORPHA:276
MONDO:0010319	OMIM:300423	ORPHA:93952
MONDO:0010325	OMIM:300434	ORPHA:85288
MONDO:0010327	OMIM:300438	ORPHA:391417
MONDO:0010328	OMIM:300448	ORPHA:231401
MONDO:0010332	OMIM:300471	ORPHA:85280
MONDO:0010333	OMIM:300472	ORPHA:52055
MONDO:0010334	OMIM:300475	ORPHA:369939
MONDO:0010337	OMIM:300486	ORPHA:137831
MONDO:0010339	OMIM:300491	ORPHA:85294
MONDO:0010353	OMIM:300519	ORPHA:85321
MONDO:0010354	OMIM:300523	ORPHA:59
MONDO:0010355	OMIM:300534	ORPHA:85279
MONDO:0010362	OMIM:300559	ORPHA:715
MONDO:0010364	OMIM:300578	ORPHA:85332
MONDO:0010367	OMIM:300582	ORPHA:314795
MONDO:0010371	OMIM:300600	ORPHA:178333
MONDO:0010375	OMIM:300607	ORPHA:163985
MONDO:0010379	OMIM:300615	ORPHA:3057
MONDO:0010382	OMIM:300623	ORPHA:93256
MONDO:0010383	OMIM:300624	ORPHA:908
MONDO:0010385	OMIM:300635	ORPHA:538934
MONDO:0010392	OMIM:300653	ORPHA:713
MONDO:0010395	OMIM:300661	ORPHA:3222
MONDO:0010396	OMIM:300672	ORPHA:505652
MONDO:0010397	OMIM:300673	ORPHA:209370
MONDO:0010403	OMIM:300700	ORPHA:998
MONDO:0010404	OMIM:300703	ORPHA:314978
MONDO:0010408	OMIM:300707	ORPHA:140952
MONDO:0010409	OMIM:300709	ORPHA:85324
MONDO:0010412	OMIM:300712	ORPHA:163979
MONDO:0010417	OMIM:300749	ORPHA:163937
MONDO:0010418	OMIM:300750	ORPHA:171607
MONDO:0010421	OMIM:300755	ORPHA:47
MONDO:0010426	OMIM:300779	ORPHA:293621
MONDO:0010428	OMIM:300801	ORPHA:217377
MONDO:0010437	OMIM:300816	ORPHA:238329
MONDO:0010441	OMIM:300831	ORPHA:251383
MONDO:0010448	OMIM:300845	ORPHA:280679
MONDO:0010457	OMIM:300855	ORPHA:276432
MONDO:0010460	OMIM:300858	ORPHA:289483
MONDO:0010461	OMIM:300860	ORPHA:163956
MONDO:0010463	OMIM:300863	ORPHA:163966
MONDO:0010467	OMIM:300869	ORPHA:261483
MONDO:0010472	OMIM:300884	ORPHA:324422
MONDO:0010473	OMIM:300886	ORPHA:324410
MONDO:0010476	OMIM:300894	ORPHA:329284
MONDO:0010477	OMIM:300895	ORPHA:293707
MONDO:0010478	OMIM:300896	ORPHA:356961
MONDO:0010479	OMIM:300905	ORPHA:352675
MONDO:0010482	OMIM:300911	ORPHA:363654
MONDO:0010483	OMIM:300912	ORPHA:85277
MONDO:0010490	OMIM:300934	ORPHA:370927
MONDO:0010496	OMIM:300957	ORPHA:457240
MONDO:0010498	OMIM:300960	ORPHA:401973
MONDO:0010501	OMIM:300967	ORPHA:466791
MONDO:0010505	OMIM:300977	ORPHA:3041
MONDO:0010507	OMIM:300979	ORPHA:521258
MONDO:0010518	OMIM:301000	ORPHA:906
MONDO:0010519	OMIM:301040	ORPHA:847
MONDO:0010524	OMIM:301310	ORPHA:2802
MONDO:0010526	OMIM:301500	ORPHA:324
MONDO:0010532	OMIM:301830	ORPHA:1145
MONDO:0010533	OMIM:301835	ORPHA:1187
MONDO:0010537	OMIM:301900	ORPHA:127
MONDO:0010539	OMIM:301950	ORPHA:1131
MONDO:0010540	OMIM:302000	ORPHA:1867
MONDO:0010543	OMIM:302060	ORPHA:111
MONDO:0010545	OMIM:302350	ORPHA:627
MONDO:0010547	OMIM:302500	ORPHA:1175
MONDO:0010549	OMIM:302800	ORPHA:101075
MONDO:0010550	OMIM:302801	ORPHA:101076
MONDO:0010551	OMIM:302802	ORPHA:101077
MONDO:0010554	OMIM:302905	ORPHA:921
MONDO:0010555	OMIM:302950	ORPHA:79345
MONDO:0010557	OMIM:303100	ORPHA:180
MONDO:0010558	OMIM:303110	ORPHA:1435
MONDO:0010559	OMIM:303350	ORPHA:2466
MONDO:0010561	OMIM:303600	ORPHA:192
MONDO:0010563	OMIM:303700	ORPHA:16
MONDO:0010568	OMIM:304050	ORPHA:50
MONDO:0010569	OMIM:304100	ORPHA:1497
MONDO:0010570	OMIM:304110	ORPHA:1520
MONDO:0010571	OMIM:304120	ORPHA:90652
MONDO:0010572	OMIM:304150	ORPHA:198
MONDO:0010578	OMIM:304700	ORPHA:52368
MONDO:0010579	OMIM:304730	ORPHA:1661
MONDO:0010580	OMIM:304790	ORPHA:37042
MONDO:0010585	OMIM:305100	ORPHA:181
MONDO:0010590	OMIM:305450	ORPHA:93932
MONDO:0010592	OMIM:305600	ORPHA:2092
MONDO:0010604	OMIM:306900	ORPHA:98879
MONDO:0010610	OMIM:306990	ORPHA:2570
MONDO:0010611	OMIM:307000	ORPHA:2182
MONDO:0010618	OMIM:307700	ORPHA:2239
MONDO:0010619	OMIM:307800	ORPHA:89936
MONDO:0010621	OMIM:308050	ORPHA:139
MONDO:0010622	OMIM:308100	ORPHA:461
MONDO:0010631	OMIM:308300	ORPHA:464
MONDO:0010638	OMIM:308830	ORPHA:2339
MONDO:0010641	OMIM:308940	ORPHA:1018
MONDO:0010645	OMIM:309000	ORPHA:534
MONDO:0010650	OMIM:309350	ORPHA:2484
MONDO:0010651	OMIM:309400	ORPHA:565
MONDO:0010653	OMIM:309500	ORPHA:3242
MONDO:0010654	OMIM:309510	ORPHA:94083
MONDO:0010655	OMIM:309520	ORPHA:776
MONDO:0010658	OMIM:309545	ORPHA:85290
MONDO:0010659	OMIM:309548	ORPHA:100973
MONDO:0010661	OMIM:309555	ORPHA:3078
MONDO:0010662	OMIM:309560	ORPHA:2824
MONDO:0010664	OMIM:309583	ORPHA:3063
MONDO:0010665	OMIM:309585	ORPHA:3459
MONDO:0010667	OMIM:309610	ORPHA:2958
MONDO:0010668	OMIM:309620	ORPHA:1436
MONDO:0010674	OMIM:309900	ORPHA:580
MONDO:0010679	OMIM:310200	ORPHA:98896
MONDO:0010683	OMIM:310400	ORPHA:596
MONDO:0010686	OMIM:310465	ORPHA:2608
MONDO:0010689	OMIM:310490	ORPHA:101078
MONDO:0010691	OMIM:310600	ORPHA:649
MONDO:0010698	OMIM:311050	ORPHA:98890
MONDO:0010699	OMIM:311070	ORPHA:99014
MONDO:0010702	OMIM:311200	ORPHA:2750
MONDO:0010703	OMIM:311250	ORPHA:664
MONDO:0010704	OMIM:311300	ORPHA:90650
MONDO:0010709	OMIM:311510	ORPHA:2379
MONDO:0010711	OMIM:311900	ORPHA:2886
MONDO:0010714	OMIM:312080	ORPHA:702
MONDO:0010717	OMIM:312170	ORPHA:79243
MONDO:0010718	OMIM:312190	ORPHA:3016
MONDO:0010720	OMIM:312300	ORPHA:90797
MONDO:0010725	OMIM:312700	ORPHA:792
MONDO:0010726	OMIM:312750	ORPHA:778
MONDO:0010728	OMIM:312830	ORPHA:3134
MONDO:0010732	OMIM:312910	ORPHA:2815
MONDO:0010733	OMIM:312920	ORPHA:99015
MONDO:0010735	OMIM:313200	ORPHA:481
MONDO:0010742	OMIM:313850	ORPHA:1335
MONDO:0010745	OMIM:314050	ORPHA:231393
MONDO:0010747	OMIM:314250	ORPHA:53351
MONDO:0010749	OMIM:314320	ORPHA:3369
MONDO:0010753	OMIM:314400	ORPHA:555877
MONDO:0010758	OMIM:314580	ORPHA:3454
MONDO:0010759	OMIM:314600	ORPHA:3456
MONDO:0010773	OMIM:500002	ORPHA:2596
MONDO:0010780	OMIM:500009	ORPHA:254864
MONDO:0010787	OMIM:530000	ORPHA:480
MONDO:0010788	OMIM:535000	ORPHA:104
MONDO:0010789	OMIM:540000	ORPHA:550
MONDO:0010790	OMIM:545000	ORPHA:551
MONDO:0010792	OMIM:551000	ORPHA:254857
MONDO:0010794	OMIM:551500	ORPHA:644
MONDO:0010797	OMIM:557000	ORPHA:699
MONDO:0010802	OMIM:600001	ORPHA:2255
MONDO:0010803	OMIM:600002	ORPHA:79106
MONDO:0010808	OMIM:600072	ORPHA:466
MONDO:0010814	OMIM:600092	ORPHA:1422
MONDO:0010821	OMIM:600117	ORPHA:1799
MONDO:0010829	OMIM:600142	ORPHA:199354
MONDO:0010839	OMIM:600175	ORPHA:1216
MONDO:0010840	OMIM:600176	ORPHA:2798
MONDO:0010847	OMIM:600223	ORPHA:98765
MONDO:0010848	OMIM:600224	ORPHA:98766
MONDO:0010851	OMIM:600252	ORPHA:2409
MONDO:0010854	OMIM:600268	ORPHA:3339
MONDO:0010857	OMIM:600274	ORPHA:100069
MONDO:0010865	OMIM:600325	ORPHA:221120
MONDO:0010870	OMIM:600334	ORPHA:609
MONDO:0010878	OMIM:600363	ORPHA:100988
MONDO:0010879	OMIM:600373	ORPHA:1458
MONDO:0010881	OMIM:600383	ORPHA:2496
MONDO:0010882	OMIM:600384	ORPHA:1113
MONDO:0010886	OMIM:600430	ORPHA:1001
MONDO:0010889	OMIM:600459	ORPHA:1682
MONDO:0010890	OMIM:600460	ORPHA:2008
MONDO:0010901	OMIM:600559	ORPHA:2119
MONDO:0010907	OMIM:600627	ORPHA:2224
MONDO:0010908	OMIM:600628	ORPHA:168
MONDO:0010914	OMIM:600649	ORPHA:228305
MONDO:0010920	OMIM:600674	ORPHA:83463
MONDO:0010922	OMIM:600705	ORPHA:3130
MONDO:0010930	OMIM:600776	ORPHA:1104
MONDO:0010932	OMIM:600790	ORPHA:75373
MONDO:0010938	OMIM:600802	ORPHA:35078
MONDO:0010939	OMIM:600803	ORPHA:69663
MONDO:0010947	OMIM:600880	ORPHA:131
MONDO:0010952	OMIM:600886	ORPHA:163
MONDO:0010959	OMIM:600920	ORPHA:2460
MONDO:0010961	OMIM:600955	ORPHA:71528
MONDO:0010962	OMIM:600962	ORPHA:530838
MONDO:0010966	OMIM:600972	ORPHA:93298
MONDO:0010976	OMIM:601001	ORPHA:89838
MONDO:0010983	OMIM:601042	ORPHA:53583
MONDO:0010988	OMIM:601075	ORPHA:1117
MONDO:0010989	OMIM:601076	ORPHA:2578
MONDO:0010997	OMIM:601104	ORPHA:240071
MONDO:0010998	OMIM:601110	ORPHA:79321
MONDO:0010999	OMIM:601127	ORPHA:3304
MONDO:0011006	OMIM:601162	ORPHA:447753
MONDO:0011007	OMIM:601163	ORPHA:2141
MONDO:0011010	OMIM:601186	ORPHA:2470
MONDO:0011011	OMIM:601187	ORPHA:1858
MONDO:0011012	OMIM:601195	ORPHA:139507
MONDO:0011017	OMIM:601214	ORPHA:34217
MONDO:0011022	OMIM:601224	ORPHA:52022
MONDO:0011025	OMIM:601238	ORPHA:94122
MONDO:0011028	OMIM:601287	ORPHA:219
MONDO:0011034	OMIM:601319	ORPHA:1811
MONDO:0011035	OMIM:601321	ORPHA:638
MONDO:0011038	OMIM:601338	ORPHA:1171
MONDO:0011045	OMIM:601349	ORPHA:3434
MONDO:0011049	OMIM:601353	ORPHA:1272
MONDO:0011050	OMIM:601355	ORPHA:2516
MONDO:0011051	OMIM:601356	ORPHA:646136
MONDO:0011053	OMIM:601358	ORPHA:3051
MONDO:0011059	OMIM:601370	ORPHA:2163
MONDO:0011076	OMIM:601419	ORPHA:98909
MONDO:0011078	OMIM:601427	ORPHA:2321
MONDO:0011079	OMIM:601438	ORPHA:2831
MONDO:0011080	OMIM:601449	ORPHA:3235
MONDO:0011085	OMIM:601455	ORPHA:99950
MONDO:0011086	OMIM:601457	ORPHA:331206
MONDO:0011093	OMIM:601492	ORPHA:67041
MONDO:0011107	OMIM:601553	ORPHA:1573
MONDO:0011113	OMIM:601596	ORPHA:99949
MONDO:0011116	OMIM:601612	ORPHA:1120
MONDO:0011132	OMIM:601705	ORPHA:169095
MONDO:0011134	OMIM:601707	ORPHA:1553
MONDO:0011145	OMIM:601794	ORPHA:363741
MONDO:0011146	OMIM:601803	ORPHA:884
MONDO:0011147	OMIM:601808	ORPHA:1600
MONDO:0011152	OMIM:601815	ORPHA:79351
MONDO:0011157	OMIM:601853	ORPHA:1532
MONDO:0011169	OMIM:601952	ORPHA:281201
MONDO:0011184	OMIM:602081	ORPHA:209908
MONDO:0011185	OMIM:602082	ORPHA:98960
MONDO:0011198	OMIM:602111	ORPHA:93356
MONDO:0011202	OMIM:602152	ORPHA:140976
MONDO:0011208	OMIM:602248	ORPHA:679
MONDO:0011211	OMIM:602271	ORPHA:168549
MONDO:0011213	OMIM:602342	ORPHA:487825
MONDO:0011217	OMIM:602398	ORPHA:35107
MONDO:0011218	OMIM:602400	ORPHA:91132
MONDO:0011223	OMIM:602433	ORPHA:357043
MONDO:0011224	OMIM:602440	ORPHA:65684
MONDO:0011225	OMIM:602450	ORPHA:275
MONDO:0011229	OMIM:602473	ORPHA:51188
MONDO:0011235	OMIM:602484	ORPHA:2840
MONDO:0011236	OMIM:602485	ORPHA:79299
MONDO:0011240	OMIM:602501	ORPHA:60040
MONDO:0011243	OMIM:602531	ORPHA:79094
MONDO:0011244	OMIM:602535	ORPHA:561
MONDO:0011252	OMIM:602557	ORPHA:93352
MONDO:0011257	OMIM:602579	ORPHA:79319
MONDO:0011264	OMIM:602629	ORPHA:98806
MONDO:0011266	OMIM:602668	ORPHA:606
MONDO:0011273	OMIM:602782	ORPHA:168569
MONDO:0011274	OMIM:602849	ORPHA:53271
MONDO:0011275	OMIM:602875	ORPHA:40
MONDO:0011287	OMIM:603116	ORPHA:85199
MONDO:0011291	OMIM:603147	ORPHA:79320
MONDO:0011299	OMIM:603218	ORPHA:157941
MONDO:0011301	OMIM:603233	ORPHA:94089
MONDO:0011308	OMIM:603358	ORPHA:53693
MONDO:0011309	OMIM:603373	ORPHA:99819
MONDO:0011327	OMIM:603472	ORPHA:2289
MONDO:0011330	OMIM:603516	ORPHA:98761
MONDO:0011334	OMIM:603543	ORPHA:69085
MONDO:0011335	OMIM:603546	ORPHA:93360
MONDO:0011338	OMIM:603554	ORPHA:39041
MONDO:0011339	OMIM:603563	ORPHA:100989
MONDO:0011342	OMIM:603585	ORPHA:238459
MONDO:0011359	OMIM:603671	ORPHA:1827
MONDO:0011362	OMIM:603689	ORPHA:178464
MONDO:0011365	OMIM:603736	ORPHA:3047
MONDO:0011381	OMIM:603902	ORPHA:231226
MONDO:0011382	OMIM:603903	ORPHA:232
MONDO:0011396	OMIM:604117	ORPHA:79395
MONDO:0011397	OMIM:604121	ORPHA:314404
MONDO:0011398	OMIM:604129	ORPHA:89843
MONDO:0011399	OMIM:604131	ORPHA:846
MONDO:0011402	OMIM:604168	ORPHA:48431
MONDO:0011408	OMIM:604187	ORPHA:100991
MONDO:0011414	OMIM:604229	ORPHA:708
MONDO:0011420	OMIM:604271	ORPHA:314802
MONDO:0011423	OMIM:604286	ORPHA:119
MONDO:0011426	OMIM:604290	ORPHA:48818
MONDO:0011432	OMIM:604314	ORPHA:293725
MONDO:0011439	OMIM:604326	ORPHA:98762
MONDO:0011445	OMIM:604360	ORPHA:2822
MONDO:0011448	OMIM:604367	ORPHA:79083
MONDO:0011454	OMIM:604381	ORPHA:228190
MONDO:0011462	OMIM:604416	ORPHA:69126
MONDO:0011464	OMIM:604432	ORPHA:98767
MONDO:0011466	OMIM:604454	ORPHA:603
MONDO:0011468	OMIM:604484	ORPHA:90117
MONDO:0011472	OMIM:604536	ORPHA:158668
MONDO:0011475	OMIM:604563	ORPHA:99956
MONDO:0011487	OMIM:604802	ORPHA:157946
MONDO:0011489	OMIM:604805	ORPHA:100993
MONDO:0011493	OMIM:604841	ORPHA:90654
MONDO:0011500	OMIM:604919	ORPHA:64755
MONDO:0011506	OMIM:605021	ORPHA:352582
MONDO:0011510	OMIM:605039	ORPHA:97297
MONDO:0011512	OMIM:605041	ORPHA:79493
MONDO:0011518	OMIM:605130	ORPHA:319182
MONDO:0011522	OMIM:605229	ORPHA:100995
MONDO:0011529	OMIM:605259	ORPHA:98768
MONDO:0011530	OMIM:605274	ORPHA:85170
MONDO:0011532	OMIM:605280	ORPHA:100994
MONDO:0011533	OMIM:605282	ORPHA:363417
MONDO:0011534	OMIM:605285	ORPHA:99953
MONDO:0011537	OMIM:605309	ORPHA:210548
MONDO:0011539	OMIM:605355	ORPHA:98902
MONDO:0011540	OMIM:605361	ORPHA:98763
MONDO:0011541	OMIM:605362	ORPHA:217622
MONDO:0011551	OMIM:605407	ORPHA:101150
MONDO:0011569	OMIM:605588	ORPHA:98856
MONDO:0011575	OMIM:605627	ORPHA:66625
MONDO:0011576	OMIM:605635	ORPHA:404
MONDO:0011579	OMIM:605670	ORPHA:67042
MONDO:0011581	OMIM:605676	ORPHA:65282
MONDO:0011595	OMIM:605779	ORPHA:79144
MONDO:0011599	OMIM:605808	ORPHA:179
MONDO:0011601	OMIM:605814	ORPHA:247598
MONDO:0011603	OMIM:605820	ORPHA:602
MONDO:0011604	OMIM:605822	ORPHA:85194
MONDO:0011610	OMIM:605850	ORPHA:243343
MONDO:0011614	OMIM:605911	ORPHA:35701
MONDO:0011621	OMIM:605967	ORPHA:85203
MONDO:0011624	OMIM:606003	ORPHA:101028
MONDO:0011628	OMIM:606054	ORPHA:35
MONDO:0011629	OMIM:606056	ORPHA:79330
MONDO:0011638	OMIM:606159	ORPHA:157846
MONDO:0011640	OMIM:606170	ORPHA:85201
MONDO:0011652	OMIM:606232	ORPHA:48652
MONDO:0011663	OMIM:606353	ORPHA:247604
MONDO:0011669	OMIM:606407	ORPHA:163690
MONDO:0011670	OMIM:606408	ORPHA:230839
MONDO:0011671	OMIM:606438	ORPHA:98934
MONDO:0011676	OMIM:606519	ORPHA:42775
MONDO:0011681	OMIM:606552	ORPHA:79136
MONDO:0011682	OMIM:606554	ORPHA:79135
MONDO:0011683	OMIM:606574	ORPHA:79435
MONDO:0011686	OMIM:606593	ORPHA:99812
MONDO:0011687	OMIM:606595	ORPHA:99940
MONDO:0011694	OMIM:606658	ORPHA:98769
MONDO:0011706	OMIM:606693	ORPHA:306674
MONDO:0011717	OMIM:606762	ORPHA:35878
MONDO:0011719	OMIM:606764	ORPHA:44890
MONDO:0011721	OMIM:606768	ORPHA:178400
MONDO:0011722	OMIM:606772	ORPHA:397973
MONDO:0011724	OMIM:606777	ORPHA:71277
MONDO:0011725	OMIM:606785	ORPHA:79235
MONDO:0011730	OMIM:606812	ORPHA:24
MONDO:0011731	OMIM:606824	ORPHA:35710
MONDO:0011732	OMIM:606835	ORPHA:85169
MONDO:0011738	OMIM:606854	ORPHA:101070
MONDO:0011740	OMIM:606864	ORPHA:97286
MONDO:0011749	OMIM:606952	ORPHA:79434
MONDO:0011758	OMIM:607014	ORPHA:93473
MONDO:0011759	OMIM:607015	ORPHA:93476
MONDO:0011760	OMIM:607016	ORPHA:93474
MONDO:0011765	OMIM:607078	ORPHA:93311
MONDO:0011766	OMIM:607080	ORPHA:168563
MONDO:0011772	OMIM:607091	ORPHA:79332
MONDO:0011776	OMIM:607115	ORPHA:1451
MONDO:0011778	OMIM:607131	ORPHA:166024
MONDO:0011781	OMIM:607136	ORPHA:98759
MONDO:0011783	OMIM:607143	ORPHA:79324
MONDO:0011785	OMIM:607152	ORPHA:100999
MONDO:0011787	OMIM:607155	ORPHA:34515
MONDO:0011790	OMIM:607196	ORPHA:99742
MONDO:0011797	OMIM:607225	ORPHA:293168
MONDO:0011801	OMIM:607250	ORPHA:94124
MONDO:0011803	OMIM:607259	ORPHA:99013
MONDO:0011811	OMIM:607317	ORPHA:95434
MONDO:0011812	OMIM:607323	ORPHA:959
MONDO:0011816	OMIM:607330	ORPHA:46059
MONDO:0011819	OMIM:607346	ORPHA:98772
MONDO:0011823	OMIM:607371	ORPHA:79107
MONDO:0011830	OMIM:607432	ORPHA:95232
MONDO:0011833	OMIM:607454	ORPHA:98773
MONDO:0011834	OMIM:607458	ORPHA:98771
MONDO:0011835	OMIM:607459	ORPHA:70595
MONDO:0011838	OMIM:607475	ORPHA:85128
MONDO:0011855	OMIM:607541	ORPHA:98963
MONDO:0011862	OMIM:607584	ORPHA:101004
MONDO:0011871	OMIM:607616	ORPHA:77293
MONDO:0011872	OMIM:607624	ORPHA:79477
MONDO:0011874	OMIM:607626	ORPHA:59303
MONDO:0011886	OMIM:607671	ORPHA:98807
MONDO:0011888	OMIM:607676	ORPHA:70592
MONDO:0011894	OMIM:607684	ORPHA:99939
MONDO:0011895	OMIM:607685	ORPHA:3260
MONDO:0011902	OMIM:607734	ORPHA:101085
MONDO:0011906	OMIM:607765	ORPHA:79301
MONDO:0011907	OMIM:607778	ORPHA:63446
MONDO:0011911	OMIM:607812	ORPHA:50814
MONDO:0011916	OMIM:607831	ORPHA:101097
MONDO:0011922	OMIM:607847	ORPHA:2688
MONDO:0011925	OMIM:607855	ORPHA:258
MONDO:0011927	OMIM:607859	ORPHA:1063
MONDO:0011928	OMIM:607864	ORPHA:1756
MONDO:0011929	OMIM:607872	ORPHA:1606
MONDO:0011933	OMIM:607906	ORPHA:79326
MONDO:0011936	OMIM:607932	ORPHA:139471
MONDO:0011939	OMIM:607944	ORPHA:1855
MONDO:0011945	OMIM:608013	ORPHA:85212
MONDO:0011946	OMIM:608022	ORPHA:66637
MONDO:0011950	OMIM:608029	ORPHA:284332
MONDO:0011953	OMIM:608033	ORPHA:88619
MONDO:0011959	OMIM:608068	ORPHA:3243
MONDO:0011964	OMIM:608093	ORPHA:86309
MONDO:0011968	OMIM:608099	ORPHA:62
MONDO:0011969	OMIM:608104	ORPHA:79325
MONDO:0011970	OMIM:608105	ORPHA:163727
MONDO:0011972	OMIM:608115	ORPHA:64739
MONDO:0011975	OMIM:608149	ORPHA:96334
MONDO:0011976	OMIM:608154	ORPHA:50811
MONDO:0011977	OMIM:608156	ORPHA:178303
MONDO:0011986	OMIM:608189	ORPHA:103918
MONDO:0011988	OMIM:608203	ORPHA:183707
MONDO:0011992	OMIM:608220	ORPHA:101005
MONDO:0011996	OMIM:608232	ORPHA:521
MONDO:0012004	OMIM:608266	ORPHA:143
MONDO:0012013	OMIM:608328	ORPHA:2084
MONDO:0012019	OMIM:608361	ORPHA:93283
MONDO:0012020	OMIM:608363	ORPHA:1727
MONDO:0012041	OMIM:608456	ORPHA:247798
MONDO:0012052	OMIM:608540	ORPHA:79327
MONDO:0012055	OMIM:608545	ORPHA:2370
MONDO:0012064	OMIM:608572	ORPHA:1200
MONDO:0012072	OMIM:608600	ORPHA:79084
MONDO:0012074	OMIM:608612	ORPHA:90154
MONDO:0012081	OMIM:608636	ORPHA:238446
MONDO:0012084	OMIM:608643	ORPHA:35708
MONDO:0012089	OMIM:608649	ORPHA:88621
MONDO:0012092	OMIM:608654	ORPHA:64752
MONDO:0012095	OMIM:608670	ORPHA:364577
MONDO:0012098	OMIM:608687	ORPHA:101110
MONDO:0012099	OMIM:608688	ORPHA:250977
MONDO:0012103	OMIM:608703	ORPHA:101111
MONDO:0012105	OMIM:608710	ORPHA:900
MONDO:0012108	OMIM:608728	ORPHA:156728
MONDO:0012110	OMIM:608747	ORPHA:73272
MONDO:0012116	OMIM:608768	ORPHA:98760
MONDO:0012117	OMIM:608776	ORPHA:79328
MONDO:0012118	OMIM:608779	ORPHA:79333
MONDO:0012120	OMIM:608782	ORPHA:79246
MONDO:0012123	OMIM:608799	ORPHA:79322
MONDO:0012124	OMIM:608800	ORPHA:168593
MONDO:0012130	OMIM:608810	ORPHA:399058
MONDO:0012136	OMIM:608836	ORPHA:228308
MONDO:0012143	OMIM:608885	ORPHA:168577
MONDO:0012160	OMIM:608940	ORPHA:85167
MONDO:0012164	OMIM:608978	ORPHA:3097
MONDO:0012165	OMIM:608980	ORPHA:217266
MONDO:0012173	OMIM:609016	ORPHA:5
MONDO:0012176	OMIM:609029	ORPHA:96170
MONDO:0012177	OMIM:609033	ORPHA:88628
MONDO:0012181	OMIM:609041	ORPHA:101007
MONDO:0012184	OMIM:609049	ORPHA:2670
MONDO:0012185	OMIM:609052	ORPHA:168555
MONDO:0012191	OMIM:609060	ORPHA:137681
MONDO:0012192	OMIM:609069	ORPHA:65288
MONDO:0012198	OMIM:609136	ORPHA:163746
MONDO:0012203	OMIM:609152	ORPHA:424
MONDO:0012204	OMIM:609153	ORPHA:90044
MONDO:0012209	OMIM:609166	ORPHA:50815
MONDO:0012211	OMIM:609180	ORPHA:79323
MONDO:0012213	OMIM:609195	ORPHA:101006
MONDO:0012215	OMIM:609200	ORPHA:98911
MONDO:0012220	OMIM:609227	ORPHA:79478
MONDO:0012221	OMIM:609241	ORPHA:79279
MONDO:0012222	OMIM:609242	ORPHA:79280
MONDO:0012231	OMIM:609260	ORPHA:99947
MONDO:0012235	OMIM:609270	ORPHA:284324
MONDO:0012246	OMIM:609306	ORPHA:101112
MONDO:0012248	OMIM:609308	ORPHA:86812
MONDO:0012251	OMIM:609313	ORPHA:171851
MONDO:0012256	OMIM:609340	ORPHA:101008
MONDO:0012258	OMIM:609352	ORPHA:158681
MONDO:0012269	OMIM:609425	ORPHA:65286
MONDO:0012271	OMIM:609432	ORPHA:157801
MONDO:0012276	OMIM:609446	ORPHA:79137
MONDO:0012277	OMIM:609452	ORPHA:98912
MONDO:0012280	OMIM:609460	ORPHA:66629
MONDO:0012289	OMIM:609524	ORPHA:171445
MONDO:0012290	OMIM:609528	ORPHA:66631
MONDO:0012297	OMIM:609541	ORPHA:320406
MONDO:0012301	OMIM:609560	ORPHA:254875
MONDO:0012307	OMIM:609579	ORPHA:168624
MONDO:0012308	OMIM:609583	ORPHA:220497
MONDO:0012315	OMIM:609625	ORPHA:96148
MONDO:0012316	OMIM:609628	ORPHA:77297
MONDO:0012323	OMIM:609638	ORPHA:158687
MONDO:0012324	OMIM:609640	ORPHA:264200
MONDO:0012334	OMIM:609727	ORPHA:101009
MONDO:0012335	OMIM:609734	ORPHA:71526
MONDO:0012342	OMIM:609757	ORPHA:96121
MONDO:0012345	OMIM:609796	ORPHA:263534
MONDO:0012368	OMIM:609924	ORPHA:137754
MONDO:0012381	OMIM:609968	ORPHA:263458
MONDO:0012387	OMIM:609993	ORPHA:75325
MONDO:0012391	OMIM:610003	ORPHA:1947
MONDO:0012392	OMIM:610006	ORPHA:79157
MONDO:0012399	OMIM:610031	ORPHA:300573
MONDO:0012400	OMIM:610042	ORPHA:163681
MONDO:0012407	OMIM:610090	ORPHA:79096
MONDO:0012410	OMIM:610099	ORPHA:399086
MONDO:0012417	OMIM:610140	ORPHA:168796
MONDO:0012423	OMIM:610156	ORPHA:75858
MONDO:0012435	OMIM:610198	ORPHA:66634
MONDO:0012449	OMIM:610245	ORPHA:101108
MONDO:0012450	OMIM:610246	ORPHA:101109
MONDO:0012453	OMIM:610250	ORPHA:101011
MONDO:0012456	OMIM:610256	ORPHA:83461
MONDO:0012462	OMIM:610279	ORPHA:329329
MONDO:0012479	OMIM:610370	ORPHA:83620
MONDO:0012481	OMIM:610377	ORPHA:29
MONDO:0012496	OMIM:610443	ORPHA:96169
MONDO:0012504	OMIM:610474	ORPHA:85164
MONDO:0012514	OMIM:610532	ORPHA:85163
MONDO:0012516	OMIM:610536	ORPHA:79113
MONDO:0012517	OMIM:610539	ORPHA:309252
MONDO:0012519	OMIM:610543	ORPHA:353281
MONDO:0012530	OMIM:610644	ORPHA:85112
MONDO:0012541	OMIM:610706	ORPHA:90024
MONDO:0012544	OMIM:610713	ORPHA:93409
MONDO:0012545	OMIM:610717	ORPHA:98908
MONDO:0012549	OMIM:610743	ORPHA:88644
MONDO:0012552	OMIM:610755	ORPHA:276152
MONDO:0012556	OMIM:610768	ORPHA:91131
MONDO:0012557	OMIM:610773	ORPHA:91130
MONDO:0012559	OMIM:610798	ORPHA:90023
MONDO:0012570	OMIM:610842	ORPHA:91135
MONDO:0012574	OMIM:610883	ORPHA:1713
MONDO:0012579	OMIM:610910	ORPHA:747
MONDO:0012589	OMIM:610954	ORPHA:2896
MONDO:0012593	OMIM:610978	ORPHA:209905
MONDO:0012596	OMIM:610992	ORPHA:284417
MONDO:0012611	OMIM:611087	ORPHA:500533
MONDO:0012621	OMIM:611102	ORPHA:94064
MONDO:0012622	OMIM:611105	ORPHA:137898
MONDO:0012624	OMIM:611126	ORPHA:99901
MONDO:0012635	OMIM:611182	ORPHA:95428
MONDO:0012637	OMIM:611209	ORPHA:263508
MONDO:0012643	OMIM:611252	ORPHA:171622
MONDO:0012648	OMIM:611283	ORPHA:79159
MONDO:0012650	OMIM:611291	ORPHA:169079
MONDO:0012651	OMIM:611302	ORPHA:397946
MONDO:0012652	OMIM:611307	ORPHA:206549
MONDO:0012658	OMIM:611377	ORPHA:140908
MONDO:0012664	OMIM:611390	ORPHA:314603
MONDO:0012669	OMIM:611431	ORPHA:137605
MONDO:0012679	OMIM:611497	ORPHA:210110
MONDO:0012693	OMIM:611556	ORPHA:137625
MONDO:0012703	OMIM:611603	ORPHA:171680
MONDO:0012716	OMIM:611717	ORPHA:163654
MONDO:0012719	OMIM:611721	ORPHA:139406
MONDO:0012721	OMIM:611726	ORPHA:263516
MONDO:0012726	OMIM:611773	ORPHA:73229
MONDO:0012734	OMIM:611812	ORPHA:139466
MONDO:0012735	OMIM:611816	ORPHA:420561
MONDO:0012739	OMIM:611863	ORPHA:139450
MONDO:0012740	OMIM:611867	ORPHA:261330
MONDO:0012747	OMIM:611881	ORPHA:57
MONDO:0012755	OMIM:611907	ORPHA:209970
MONDO:0012756	OMIM:611913	ORPHA:261197
MONDO:0012759	OMIM:611929	ORPHA:488434
MONDO:0012761	OMIM:611936	ORPHA:251038
MONDO:0012764	OMIM:611943	ORPHA:420741
MONDO:0012766	OMIM:611945	ORPHA:171612
MONDO:0012774	OMIM:612001	ORPHA:199318
MONDO:0012783	OMIM:612015	ORPHA:244310
MONDO:0012784	OMIM:612016	ORPHA:139485
MONDO:0012787	OMIM:612020	ORPHA:139480
MONDO:0012789	OMIM:612067	ORPHA:210571
MONDO:0012791	OMIM:612073	ORPHA:1933
MONDO:0012794	OMIM:612079	ORPHA:157954
MONDO:0012803	OMIM:612119	ORPHA:103909
MONDO:0012805	OMIM:612126	ORPHA:98811
MONDO:0012807	OMIM:612138	ORPHA:158684
MONDO:0012812	OMIM:612164	ORPHA:599373
MONDO:0012830	OMIM:612242	ORPHA:276413
MONDO:0012833	OMIM:612247	ORPHA:93262
MONDO:0012856	OMIM:612292	ORPHA:166108
MONDO:0012866	OMIM:612319	ORPHA:171629
MONDO:0012867	OMIM:612335	ORPHA:171617
MONDO:0012873	OMIM:612350	ORPHA:157965
MONDO:0012883	OMIM:612376	ORPHA:520
MONDO:0012885	OMIM:612379	ORPHA:324737
MONDO:0012895	OMIM:612406	ORPHA:370103
MONDO:0012897	OMIM:612416	ORPHA:329
MONDO:0012911	OMIM:612462	ORPHA:79444
MONDO:0012912	OMIM:612463	ORPHA:79445
MONDO:0012914	OMIM:612474	ORPHA:250989
MONDO:0012915	OMIM:612475	ORPHA:250994
MONDO:0012916	OMIM:612513	ORPHA:261349
MONDO:0012927	OMIM:612530	ORPHA:250999
MONDO:0012928	OMIM:612539	ORPHA:171863
MONDO:0012948	OMIM:612582	ORPHA:96125
MONDO:0012964	OMIM:612626	ORPHA:1596
MONDO:0012982	OMIM:612656	ORPHA:209967
MONDO:0012986	OMIM:612691	ORPHA:208441
MONDO:0012994	OMIM:612716	ORPHA:70594
MONDO:0012996	OMIM:612718	ORPHA:35704
MONDO:0012997	OMIM:301068	ORPHA:1415
MONDO:0012999	OMIM:612736	ORPHA:382
MONDO:0013000	OMIM:612740	ORPHA:100924
MONDO:0013003	OMIM:612776	ORPHA:141152
MONDO:0013005	OMIM:612780	ORPHA:199343
MONDO:0013014	OMIM:612813	ORPHA:171866
MONDO:0013025	OMIM:612863	ORPHA:251056
MONDO:0013036	OMIM:612916	ORPHA:217017
MONDO:0013038	OMIM:612918	ORPHA:140944
MONDO:0013047	OMIM:612933	ORPHA:284426
MONDO:0013049	OMIM:612937	ORPHA:263494
MONDO:0013060	OMIM:612953	ORPHA:199351
MONDO:0013074	OMIM:613001	ORPHA:2396
MONDO:0013115	OMIM:613075	ORPHA:217335
MONDO:0013116	OMIM:613076	ORPHA:330054
MONDO:0013125	OMIM:613089	ORPHA:168984
MONDO:0013132	OMIM:613096	ORPHA:320365
MONDO:0013144	OMIM:613118	ORPHA:82
MONDO:0013162	OMIM:613158	ORPHA:206559
MONDO:0013164	OMIM:613161	ORPHA:65287
MONDO:0013165	OMIM:613162	ORPHA:320396
MONDO:0013166	OMIM:613163	ORPHA:2066
MONDO:0013171	OMIM:613179	ORPHA:760
MONDO:0013178	OMIM:613205	ORPHA:157973
MONDO:0013179	OMIM:613206	ORPHA:320401
MONDO:0013182	OMIM:613215	ORPHA:217385
MONDO:0013184	OMIM:613217	ORPHA:92050
MONDO:0013208	OMIM:613280	ORPHA:309854
MONDO:0013222	OMIM:613319	ORPHA:399096
MONDO:0013226	OMIM:613328	ORPHA:221139
MONDO:0013227	OMIM:613329	ORPHA:465
MONDO:0013238	OMIM:613355	ORPHA:261279
MONDO:0013239	OMIM:613364	ORPHA:320355
MONDO:0013241	OMIM:613371	ORPHA:211017
MONDO:0013245	OMIM:613385	ORPHA:228426
MONDO:0013256	OMIM:613406	ORPHA:94065
MONDO:0013267	OMIM:613444	ORPHA:261222
MONDO:0013268	OMIM:613451	ORPHA:228390
MONDO:0013271	OMIM:613456	ORPHA:306542
MONDO:0013272	OMIM:613457	ORPHA:261120
MONDO:0013275	OMIM:613470	ORPHA:712
MONDO:0013276	OMIM:613471	ORPHA:779
MONDO:0013281	OMIM:613489	ORPHA:263501
MONDO:0013282	OMIM:613490	ORPHA:60
MONDO:0013291	OMIM:613507	ORPHA:263297
MONDO:0013292	OMIM:613509	ORPHA:238750
MONDO:0013301	OMIM:613546	ORPHA:91
MONDO:0013306	OMIM:613559	ORPHA:254930
MONDO:0013310	OMIM:613571	ORPHA:95699
MONDO:0013320	OMIM:613604	ORPHA:261211
MONDO:0013325	OMIM:613612	ORPHA:263487
MONDO:0013327	OMIM:613616	ORPHA:93600
MONDO:0013329	OMIM:613618	ORPHA:238578
MONDO:0013336	OMIM:613638	ORPHA:357001
MONDO:0013342	OMIM:613647	ORPHA:306511
MONDO:0013349	OMIM:613661	ORPHA:280071
MONDO:0013352	OMIM:613670	ORPHA:391372
MONDO:0013354	OMIM:613672	ORPHA:254343
MONDO:0013359	OMIM:613677	ORPHA:251274
MONDO:0013360	OMIM:613678	ORPHA:93302
MONDO:0013361	OMIM:613679	ORPHA:325
MONDO:0013362	OMIM:613680	ORPHA:363444
MONDO:0013364	OMIM:613684	ORPHA:353284
MONDO:0013387	OMIM:613720	ORPHA:439218
MONDO:0013390	OMIM:613723	ORPHA:254361
MONDO:0013392	OMIM:613728	ORPHA:284289
MONDO:0013400	OMIM:613743	ORPHA:168558
MONDO:0013404	OMIM:613752	ORPHA:88618
MONDO:0013408	OMIM:613759	ORPHA:306550
MONDO:0013424	OMIM:613792	ORPHA:1620
MONDO:0013426	OMIM:613795	ORPHA:284984
MONDO:0013439	OMIM:613812	ORPHA:79302
MONDO:0013440	OMIM:613818	ORPHA:280333
MONDO:0013464	OMIM:613855	ORPHA:211067
MONDO:0013478	OMIM:613877	ORPHA:280356
MONDO:0013481	OMIM:613884	ORPHA:1587
MONDO:0013485	OMIM:613908	ORPHA:276193
MONDO:0013486	OMIM:613909	ORPHA:276183
MONDO:0013531	OMIM:614023	ORPHA:79350
MONDO:0013533	OMIM:614025	ORPHA:140905
MONDO:0013541	OMIM:614039	ORPHA:300570
MONDO:0013546	OMIM:614052	ORPHA:1194
MONDO:0013550	OMIM:614065	ORPHA:63273
MONDO:0013563	OMIM:614080	ORPHA:280633
MONDO:0013571	OMIM:614097	ORPHA:926
MONDO:0013572	OMIM:614098	ORPHA:435628
MONDO:0013574	OMIM:614100	ORPHA:171719
MONDO:0013576	OMIM:614102	ORPHA:183675
MONDO:0013578	OMIM:614104	ORPHA:464306
MONDO:0013580	OMIM:614111	ORPHA:255138
MONDO:0013594	OMIM:614153	ORPHA:276198
MONDO:0013599	OMIM:614162	ORPHA:391487
MONDO:0013607	OMIM:614172	ORPHA:228423
MONDO:0013645	OMIM:614229	ORPHA:284271
MONDO:0013646	OMIM:614230	ORPHA:284160
MONDO:0013661	OMIM:614265	ORPHA:289504
MONDO:0013673	OMIM:614296	ORPHA:411590
MONDO:0013674	OMIM:614298	ORPHA:289560
MONDO:0013686	OMIM:614321	ORPHA:488650
MONDO:0013687	OMIM:614322	ORPHA:284282
MONDO:0013691	OMIM:614326	ORPHA:391646
MONDO:0013700	OMIM:614338	ORPHA:309031
MONDO:0013711	OMIM:614369	ORPHA:397744
MONDO:0013726	OMIM:614388	ORPHA:330050
MONDO:0013737	OMIM:614409	ORPHA:320391
MONDO:0013776	OMIM:614487	ORPHA:313772
MONDO:0013789	OMIM:614507	ORPHA:300536
MONDO:0013796	OMIM:614526	ORPHA:261272
MONDO:0013797	OMIM:614527	ORPHA:261265
MONDO:0013800	OMIM:614557	ORPHA:300179
MONDO:0013803	OMIM:614561	ORPHA:542310
MONDO:0013808	OMIM:614569	ORPHA:163634
MONDO:0013813	OMIM:614588	ORPHA:306734
MONDO:0013815	OMIM:614592	ORPHA:313855
MONDO:0013847	OMIM:614671	ORPHA:370079
MONDO:0013869	OMIM:614723	ORPHA:976
MONDO:0013873	OMIM:614732	ORPHA:85173
MONDO:0013885	OMIM:614753	ORPHA:420179
MONDO:0013886	OMIM:614756	ORPHA:314647
MONDO:0013905	OMIM:614831	ORPHA:324262
MONDO:0013918	OMIM:614846	ORPHA:314588
MONDO:0013922	OMIM:614851	ORPHA:319675
MONDO:0013928	OMIM:614860	ORPHA:420492
MONDO:0013955	OMIM:614891	ORPHA:319552
MONDO:0013957	OMIM:614893	ORPHA:319600
MONDO:0013962	OMIM:614898	ORPHA:319199
MONDO:0013977	OMIM:614932	ORPHA:319514
MONDO:0013991	OMIM:614962	ORPHA:66628
MONDO:0013992	OMIM:614963	ORPHA:179494
MONDO:0013993	OMIM:614969	ORPHA:284339
MONDO:0013997	OMIM:614974	ORPHA:398189
MONDO:0014006	OMIM:615009	ORPHA:329224
MONDO:0014015	OMIM:615030	ORPHA:320411
MONDO:0014016	OMIM:615031	ORPHA:320385
MONDO:0014018	OMIM:615033	ORPHA:320380
MONDO:0014019	OMIM:615034	ORPHA:420485
MONDO:0014020	OMIM:615035	ORPHA:320375
MONDO:0014023	OMIM:615042	ORPHA:329178
MONDO:0014024	OMIM:615043	ORPHA:320370
MONDO:0014025	OMIM:615048	ORPHA:276435
MONDO:0014031	OMIM:615071	ORPHA:319671
MONDO:0014033	OMIM:615073	ORPHA:329466
MONDO:0014034	OMIM:615074	ORPHA:363686
MONDO:0014035	OMIM:615075	ORPHA:404473
MONDO:0014039	OMIM:615084	ORPHA:352447
MONDO:0014043	OMIM:615095	ORPHA:329228
MONDO:0014062	OMIM:615156	ORPHA:352470
MONDO:0014067	OMIM:615162	ORPHA:357175
MONDO:0014077	OMIM:615191	ORPHA:352682
MONDO:0014094	OMIM:615234	ORPHA:300298
MONDO:0014098	OMIM:615238	ORPHA:435651
MONDO:0014119	OMIM:615286	ORPHA:363528
MONDO:0014121	OMIM:615290	ORPHA:363454
MONDO:0014127	OMIM:615312	ORPHA:370091
MONDO:0014131	OMIM:615328	ORPHA:363523
MONDO:0014139	OMIM:615349	ORPHA:536467
MONDO:0014142	OMIM:615352	ORPHA:363623
MONDO:0014144	OMIM:615356	ORPHA:369840
MONDO:0014148	OMIM:615363	ORPHA:785
MONDO:0014159	OMIM:615386	ORPHA:352403
MONDO:0014165	OMIM:615398	ORPHA:369837
MONDO:0014185	OMIM:615433	ORPHA:1621
MONDO:0014196	OMIM:615465	ORPHA:2117
MONDO:0014200	OMIM:615474	ORPHA:369929
MONDO:0014205	OMIM:615485	ORPHA:352577
MONDO:0014210	OMIM:615493	ORPHA:356996
MONDO:0014213	OMIM:615502	ORPHA:363611
MONDO:0014221	OMIM:615512	ORPHA:868
MONDO:0014238	OMIM:615541	ORPHA:391307
MONDO:0014243	OMIM:615547	ORPHA:398069
MONDO:0014248	OMIM:615553	ORPHA:370943
MONDO:0014250	OMIM:615555	ORPHA:397685
MONDO:0014263	OMIM:615583	ORPHA:508488
MONDO:0014270	OMIM:615596	ORPHA:370921
MONDO:0014271	OMIM:615597	ORPHA:370924
MONDO:0014272	OMIM:615598	ORPHA:140966
MONDO:0014273	OMIM:615599	ORPHA:397951
MONDO:0014282	OMIM:615625	ORPHA:401849
MONDO:0014289	OMIM:615637	ORPHA:397612
MONDO:0014290	OMIM:615643	ORPHA:397725
MONDO:0014294	OMIM:615656	ORPHA:261183
MONDO:0014295	OMIM:615658	ORPHA:431329
MONDO:0014298	OMIM:615668	ORPHA:439822
MONDO:0014300	OMIM:615673	ORPHA:401768
MONDO:0014302	OMIM:615681	ORPHA:401785
MONDO:0014303	OMIM:615683	ORPHA:401810
MONDO:0014304	OMIM:615685	ORPHA:401780
MONDO:0014305	OMIM:615686	ORPHA:401805
MONDO:0014311	OMIM:615705	ORPHA:404499
MONDO:0014320	OMIM:615722	ORPHA:401777
MONDO:0014331	OMIM:615750	ORPHA:401945
MONDO:0014339	OMIM:615768	ORPHA:412057
MONDO:0014349	OMIM:615803	ORPHA:411493
MONDO:0014353	OMIM:615816	ORPHA:443811
MONDO:0014358	OMIM:615829	ORPHA:412069
MONDO:0014361	OMIM:615834	ORPHA:352490
MONDO:0014371	OMIM:615859	ORPHA:411986
MONDO:0014379	OMIM:615873	ORPHA:404448
MONDO:0014382	OMIM:615879	ORPHA:404443
MONDO:0014388	OMIM:615892	ORPHA:401942
MONDO:0014399	OMIM:615919	ORPHA:438134
MONDO:0014402	OMIM:615924	ORPHA:363400
MONDO:0014403	OMIM:615925	ORPHA:314811
MONDO:0014410	OMIM:615945	ORPHA:363710
MONDO:0014413	OMIM:615948	ORPHA:434179
MONDO:0014417	OMIM:615957	ORPHA:423296
MONDO:0014419	OMIM:615960	ORPHA:370022
MONDO:0014420	OMIM:615961	ORPHA:140941
MONDO:0014421	OMIM:615962	ORPHA:786
MONDO:0014431	OMIM:615980	ORPHA:435660
MONDO:0014449	OMIM:616000	ORPHA:86816
MONDO:0014452	OMIM:616004	ORPHA:98881
MONDO:0014455	OMIM:616007	ORPHA:436174
MONDO:0014464	OMIM:616034	ORPHA:431361
MONDO:0014474	OMIM:616052	ORPHA:352479
MONDO:0014475	OMIM:616053	ORPHA:423275
MONDO:0014476	OMIM:616055	ORPHA:401953
MONDO:0014493	OMIM:616100	ORPHA:436159
MONDO:0014495	OMIM:616108	ORPHA:436245
MONDO:0014497	OMIM:616113	ORPHA:453533
MONDO:0014503	OMIM:616127	ORPHA:453521
MONDO:0014506	OMIM:616140	ORPHA:438114
MONDO:0014507	OMIM:616145	ORPHA:1388
MONDO:0014510	OMIM:616154	ORPHA:438178
MONDO:0014512	OMIM:616158	ORPHA:438216
MONDO:0014523	OMIM:616192	ORPHA:445062
MONDO:0014525	OMIM:616198	ORPHA:444013
MONDO:0014529	OMIM:616202	ORPHA:444072
MONDO:0014530	OMIM:616204	ORPHA:363432
MONDO:0014532	OMIM:616209	ORPHA:457050
MONDO:0014541	OMIM:616222	ORPHA:254516
MONDO:0014546	OMIM:616231	ORPHA:88635
MONDO:0014556	OMIM:616266	ORPHA:562528
MONDO:0014557	OMIM:616267	ORPHA:459033
MONDO:0014558	OMIM:616268	ORPHA:457193
MONDO:0014559	OMIM:616269	ORPHA:457212
MONDO:0014561	OMIM:616271	ORPHA:445038
MONDO:0014567	OMIM:616281	ORPHA:477673
MONDO:0014568	OMIM:616282	ORPHA:444099
MONDO:0014601	OMIM:616354	ORPHA:397709
MONDO:0014602	OMIM:616355	ORPHA:457279
MONDO:0014605	OMIM:616362	ORPHA:457284
MONDO:0014606	OMIM:616364	ORPHA:468678
MONDO:0014609	OMIM:616368	ORPHA:444077
MONDO:0014626	OMIM:616410	ORPHA:458798
MONDO:0014627	OMIM:616411	ORPHA:464440
MONDO:0014630	OMIM:616415	ORPHA:454840
MONDO:0014643	OMIM:616449	ORPHA:464738
MONDO:0014644	OMIM:616451	ORPHA:468661
MONDO:0014658	OMIM:616482	ORPHA:85165
MONDO:0014698	OMIM:616577	ORPHA:457351
MONDO:0014700	OMIM:616580	ORPHA:453504
MONDO:0014702	OMIM:616586	ORPHA:447760
MONDO:0014708	OMIM:616606	ORPHA:1440
MONDO:0014711	OMIM:616625	ORPHA:488333
MONDO:0014714	OMIM:616632	ORPHA:477814
MONDO:0014716	OMIM:616638	ORPHA:457485
MONDO:0014717	OMIM:616640	ORPHA:324290
MONDO:0014722	OMIM:616651	ORPHA:353298
MONDO:0014723	OMIM:616652	ORPHA:477817
MONDO:0014725	OMIM:616657	ORPHA:447997
MONDO:0014728	OMIM:616672	ORPHA:477774
MONDO:0014729	OMIM:616680	ORPHA:459056
MONDO:0014731	OMIM:616682	ORPHA:466926
MONDO:0014732	OMIM:616683	ORPHA:466934
MONDO:0014735	OMIM:616687	ORPHA:435387
MONDO:0014736	OMIM:616688	ORPHA:466768
MONDO:0014741	OMIM:616708	ORPHA:466950
MONDO:0014744	OMIM:616719	ORPHA:466794
MONDO:0014746	OMIM:616721	ORPHA:468699
MONDO:0014748	OMIM:616723	ORPHA:457395
MONDO:0014751	OMIM:616728	ORPHA:477993
MONDO:0014757	OMIM:616737	ORPHA:487796
MONDO:0014764	OMIM:616756	ORPHA:464282
MONDO:0014773	OMIM:616789	ORPHA:369891
MONDO:0014776	OMIM:616795	ORPHA:458803
MONDO:0014778	OMIM:616803	ORPHA:530983
MONDO:0014787	OMIM:616819	ORPHA:466688
MONDO:0014803	OMIM:616859	ORPHA:401866
MONDO:0014816	OMIM:616890	ORPHA:488232
MONDO:0014822	OMIM:616898	ORPHA:261190
MONDO:0014823	OMIM:616900	ORPHA:488632
MONDO:0014827	OMIM:616907	ORPHA:488594
MONDO:0014832	OMIM:616917	ORPHA:488635
MONDO:0014846	OMIM:616949	ORPHA:404493
MONDO:0014848	OMIM:616954	ORPHA:488642
MONDO:0014857	OMIM:616975	ORPHA:494344
MONDO:0014864	OMIM:617013	ORPHA:521406
MONDO:0014867	OMIM:617018	ORPHA:497764
MONDO:0014873	OMIM:617025	ORPHA:64754
MONDO:0014881	OMIM:617044	ORPHA:488618
MONDO:0014882	OMIM:617046	ORPHA:466722
MONDO:0014886	OMIM:617051	ORPHA:488627
MONDO:0014892	OMIM:617061	ORPHA:476126
MONDO:0014896	OMIM:617066	ORPHA:486815
MONDO:0014899	OMIM:617070	ORPHA:329314
MONDO:0014905	OMIM:617086	ORPHA:485421
MONDO:0014911	OMIM:617093	ORPHA:541423
MONDO:0014918	OMIM:617107	ORPHA:500095
MONDO:0014936	OMIM:617140	ORPHA:500150
MONDO:0014944	OMIM:617157	ORPHA:464288
MONDO:0014952	OMIM:617171	ORPHA:468620
MONDO:0014953	OMIM:617173	ORPHA:542306
MONDO:0014969	OMIM:617213	ORPHA:440713
MONDO:0014975	OMIM:617225	ORPHA:513436
MONDO:0015003	OMIM:617282	ORPHA:508093
MONDO:0015004	OMIM:617284	ORPHA:589618
MONDO:0015007	OMIM:617296	ORPHA:521390
MONDO:0015012	OMIM:617303	ORPHA:505248
MONDO:0015270	OMIM:617936	ORPHA:132
MONDO:0015278	OMIM:260350	ORPHA:1333
MONDO:0015601	OMIM:301030	ORPHA:163976
MONDO:0015912	OMIM:155100	ORPHA:182050
MONDO:0016002	OMIM:225400	ORPHA:1900
MONDO:0016294	OMIM:306980	ORPHA:2150
MONDO:0016368	OMIM:618625	ORPHA:221008
MONDO:0016369	OMIM:268400	ORPHA:221016
MONDO:0016381	OMIM:145700	ORPHA:2222
MONDO:0016825	OMIM:251950	ORPHA:2597
MONDO:0017380	OMIM:174900	ORPHA:2929
MONDO:0017991	OMIM:207600	ORPHA:3287
MONDO:0018163	OMIM:219200	ORPHA:357058
MONDO:0018264	OMIM:113750	ORPHA:370097
MONDO:0018422	OMIM:620323	ORPHA:401835
MONDO:0018544	OMIM:300100	ORPHA:43
MONDO:0018582	OMIM:619290	ORPHA:438274
MONDO:0018690	OMIM:103100	ORPHA:454718
MONDO:0018767	OMIM:602079	ORPHA:468726
MONDO:0018820	OMIM:616878	ORPHA:480864
MONDO:0018919	OMIM:174800	ORPHA:562
MONDO:0018975	OMIM:162200	ORPHA:636
MONDO:0018996	OMIM:606002	ORPHA:64753
MONDO:0019107	OMIM:268150	ORPHA:71275
MONDO:0019148	OMIM:620151	ORPHA:75233
MONDO:0019200	OMIM:268000	ORPHA:791
MONDO:0019407	OMIM:618150	ORPHA:85172
MONDO:0019475	OMIM:618398	ORPHA:86884
MONDO:0019569	OMIM:216400	ORPHA:90321
MONDO:0019570	OMIM:133540	ORPHA:90322
MONDO:0019917	OMIM:617352	ORPHA:96186
MONDO:0020721	OMIM:300751	ORPHA:75563
MONDO:0021018	OMIM:603511	ORPHA:34516
MONDO:0021019	OMIM:300500	ORPHA:54
MONDO:0021020	OMIM:218800	ORPHA:79234
MONDO:0024457	OMIM:256600	ORPHA:35069
MONDO:0024557	OMIM:604391	ORPHA:251347
MONDO:0030105	OMIM:618881	ORPHA:570422
MONDO:0030912	OMIM:617635	ORPHA:502434
MONDO:0030913	OMIM:617751	ORPHA:500159
MONDO:0031008	OMIM:619263	ORPHA:567548
MONDO:0032677	OMIM:618325	ORPHA:572013
MONDO:0032726	OMIM:618397	ORPHA:565624
MONDO:0033043	OMIM:617560	ORPHA:527497
MONDO:0033864	OMIM:618218	ORPHA:522077
MONDO:0033946	OMIM:106100	ORPHA:528623
MONDO:0034022	OMIM:616471	ORPHA:536516
MONDO:0034106	OMIM:618379	ORPHA:544503
MONDO:0034145	OMIM:618440	ORPHA:557003
MONDO:0044306	OMIM:617393	ORPHA:500545
MONDO:0044319	OMIM:617452	ORPHA:505237
MONDO:0044646	OMIM:617193	ORPHA:496641
MONDO:0044696	OMIM:617669	ORPHA:500144
MONDO:0044701	OMIM:617672	ORPHA:500180
MONDO:0044714	OMIM:617675	ORPHA:502423
MONDO:0044724	OMIM:617698	ORPHA:505216
MONDO:0044738	OMIM:617557	ORPHA:506358
MONDO:0044792	OMIM:137550	ORPHA:626
MONDO:0054559	OMIM:617395	ORPHA:435934
MONDO:0054636	OMIM:617616	ORPHA:513456
MONDO:0054813	OMIM:618000	ORPHA:536532
MONDO:0060490	OMIM:617481	ORPHA:544469
MONDO:0060502	OMIM:617527	ORPHA:521426
MONDO:0060568	OMIM:617682	ORPHA:529965
MONDO:0060578	OMIM:617710	ORPHA:572798
MONDO:0060627	OMIM:617810	ORPHA:529665
MONDO:0100101	OMIM:208150	ORPHA:994
MONDO:0100294	OMIM:252011	ORPHA:3208
MONDO:0100325	OMIM:184260	ORPHA:166272
MONDO:0100354	OMIM:249210	ORPHA:2241
MONDO:8000006	OMIM:193670	ORPHA:51636
MONDO:8000008	OMIM:212720	ORPHA:1387
MONDO:8000011	OMIM:243180	ORPHA:99811
MONDO:8000012	OMIM:616263	ORPHA:456312
